"";"X";"Style";"OG";"FG";"IBU";"ABV";"Color"
"1";"X3.Floyd.s.Zombie.Dust.Clone";2;1,07;1,018;53;6,9;8
"2";"Cascade.IPA";2;1,068;1,018;68;6,6;6
"3";"Hefe.IV";1;1,05;1,012;12;5;3
"4";"Citra.Black.IPA";2;1,062;1,017;43;6;33
"5";"Citra.Amarillo.IPA";2;1,059;1,01;68;6,4;6
"6";"House.Red.Ale";4;1,049;1,012;20;4,8;17
"7";"Love.You.Long.Time.IPA";2;1,05;1,013;43;4,9;8
"8";"Grapefruit.IPA";2;1,062;1,015;50;6,1;10
"9";"All.Citra.Ale";2;1,06;1,015;49;5,9;7
"10";"Springtime.Red.IPA";2;1,066;1,016;70;6,4;14
"11";"German.Pilsner";3;1,046;1,012;36;4,5;2
"12";"Bells.Two.Hearted..BeerSmith.";2;1,074;1,017;61;7,5;7
"13";"Citripa";2;1,064;1,016;67;6,2;8
"14";"Herms√.l...Red.Ranger";4;1,065;1,017;22;6,2;15
"15";"Golden.Magic.Hefeweizen";1;1,051;1,013;14;5;2
"16";"Celtic.Sunrise.Irish.Red.Ale";4;1,05;1,014;18;4,7;13
"17";"Irish.red";4;1,049;1,014;24;4,6;13
"18";"Citra.Single.Hop.IPA";2;1,07;1,018;65;6,9;9
"19";"Lagunitas.IPA.clone";2;1,074;1,019;58;7,3;9
"20";"Bronco.Orange.Hefeweizen.BIAB";1;1,05;1,012;15;5;3
"21";"Strawberry.Wheat";1;1,052;1,013;10;5,1;3
"22";"Azacca.SMASH";2;1,073;1,017;67;7,3;6
"23";"Citra.Mosaic.Half.Hearted";2;1,06;1,014;54;6;7
"24";"Hefeweizen";1;1,051;1,013;13;5;3
"25";"Northern.Brewer.Dead.Ringer.IPA";2;1,067;1,018;55;6,4;7
"26";"Bismarck.Pils";3;1,049;1,012;40;4,8;2
"27";"Double.Dawg.Dare.IPA";2;1,062;1,017;66;5,9;6
"28";"X.2.Summer.SMaSH.IPA";2;1,069;1,017;53;6,8;6
"29";"Angel.IPA";2;1,064;1,014;56;6,5;7
"30";"Irish.Red.2011";4;1,055;1,014;19;5,4;14
"31";"Fresh.Hop.IPA";2;1,067;1,016;62;6,8;7
"32";"Session.Black.IPA";2;1,048;1,013;42;4,6;37
"33";"L33T.1P4";2;1,07;1,015;65;7,2;7
"34";"German.Pilsner.1";3;1,052;1,011;35;5,3;2
"35";"Zombie.Dust.IPA.Clone";2;1,047;1,007;108;5,2;9
"36";"Denny.s.Rye.IPA";2;1,082;1,012;60;9,1;10
"37";"Freshly.Squeezed.Nugs";2;1,074;1,018;52;7,4;9
"38";"Outter.Limits.IPA";2;1,068;1,018;41;6,6;11
"39";"Dead.Ringer.IPA";2;1,064;1,015;64;6,4;7
"40";"Ice.to.69.you";2;1,07;1,016;68;7;6
"41";"Snoweizen";1;1,044;1,012;10;4,2;4
"42";"Tafy.s.Rye.Pils";3;1,047;1,011;30;4,8;3
"43";"Hawaiian.Pale.Ale";2;1,059;1,014;59;6;9
"44";"Weihenstephaner.Hefe.Weissbier..1";1;1,052;1,012;11;5,2;2
"45";"Irish.Red.Ale..Midwest.kit.";4;1,044;1,011;22;4,4;12
"46";"Zombie.Ritual..Zombie.Dust.Clone..BIAB";2;1,062;1,016;63;6,1;8
"47";"Jamil.s.BYO.Irish.Red.Ale";4;1,052;1,014;25;5,1;15
"48";"Lenticular";2;1,058;1,008;61;6,5;6
"49";"Ziggy.Spacedust.IPA..a.smaller.Space.Dust.clone.";2;1,06;1,018;55;5,5;4
"50";"Hoppiness.is.an.IPA..Palmer.et.al.";2;1,072;1,011;58;8,1;8
"51";"Ska.Modus.Hoperandi.Clone";2;1,067;1,017;67;6,6;12
"52";"Single.Hop.Amarillo.IPA";2;1,066;1,017;59;6,4;10
"53";"Single.Hop.IPA...Sorachi.Ace...Scaled";2;1,064;1,017;54;6,1;8
"54";"Summer.Shandy";1;1,051;1,012;12;5,1;3
"55";"Nasty.Nate.s.Armadillo";2;1,061;1,015;70;6;7
"56";"Chinook.IPA";2;1,066;1,018;65;6,3;6
"57";"X1337.Zombie..Citra.Single.Hop.";2;1,064;1,009;70;7,2;7
"58";"Kilkenny.Irish.Red";4;1,047;1,015;19;4,1;13
"59";"Aranycs√.pp";1;1,061;1,016;11;5,9;3
"60";"Raging.Red.Irish.Red.Ale";4;1,06;1,014;25;6;15
"61";"Sculpin.IPA.Clone";2;1,072;1,018;73;7,1;9
"62";"Standard.Weissbier";1;1,043;1,011;23;4,1;3
"63";"Hangover.Hold.em.IPA";2;1,065;1,013;48;6,8;7
"64";"Lagunitas.IPA.Clone";2;1,06;1,017;45;5,6;7
"65";"Columbus.Single.Hop.IPA";2;1,074;1,011;65;8,3;6
"66";"Chinook.Rye.IPA";2;1,075;1,011;68;8,4;10
"67";"Willamette.valley.wiesse";1;1,051;1,014;9;4,9;3
"68";"Equinox.IPA.9.26.14";2;1,057;1,012;60;5,9;8
"69";"Columbus.IPA";2;1,065;1,016;56;6,4;8
"70";"Belgian.IPA";2;1,069;1,017;70;6,8;6
"71";"Sailor.s.Delight";2;1,07;1,017;66;7;6
"72";"Irish.Spring.Break";4;1,048;1,014;25;4,6;10
"73";"Fresh.Squeezed.IPA.Clone";2;1,064;1,009;88;7,2;8
"74";"Irish.Red";4;1,058;1,014;26;5,7;12
"75";"Northwest.Imperial.Red.Rye.Ale";4;1,083;1,022;37;8;14
"76";"Moran.s.IPA";2;1,056;1,015;58;5,4;32
"77";"Oirish.Rad";4;1,063;1,014;23;6,4;11
"78";"Nisqually.Pale";2;1,061;1,015;58;6;8
"79";"Draft.Day.IPA";2;1,074;1,017;60;7,4;13
"80";"MACC.IPA";2;1,071;1,015;41;7,4;6
"81";"Cascade.of.Cascade";2;1,057;1,012;58;5,9;7
"82";"Heafes.weizen";1;1,048;1,013;11;4,7;2
"83";"Red.IPA";2;1,065;1,015;66;6,6;13
"84";"Bell.s.Two.Hearted.Clone";2;1,06;1,012;54;6,3;8
"85";"Single.Hop.IPA..Nelson.Sauvin.";2;1,071;1,017;56;7,2;9
"86";"Tongue.Tickler.Pilsner";3;1,048;1,011;28;4,8;2
"87";"German.Pilsner.3";3;1,046;1,01;35;4,7;2
"88";"Summer.Pils";3;1,05;1,01;39;5,2;2
"89";"Irish.Red.Ale..MW.";4;1,049;1,013;26;4,7;12
"90";"Chinook.IPA.1";2;1,057;1,014;45;5,7;7
"91";"Biscuit.IPA";2;1,07;1,017;52;6,8;10
"92";"B.s.Pils";3;1,048;1,012;44;4,7;2
"93";"Galaxy.IPA";2;1,071;1,018;63;6,9;8
"94";"Centennial.IPA";2;1,07;1,015;65;7,1;9
"95";"Daniel.s.Extract.Hefeweizen";1;1,05;1,013;13;4,9;3
"96";"American.Red.Rye.IPA";2;1,063;1,016;73;6,2;16
"97";"Kama.Citra.Session.IPA..NB.";2;1,05;1,014;39;4,8;4
"98";"Jim.s.American.IPA";2;1,048;1,007;61;5,4;5
"99";"hefe";1;1,053;1,013;15;5,2;6
"100";"Boylan.Hoptical";2;1,055;1,013;44;5,5;11
"101";"Wolf";2;1,074;1,013;39;8;15
"102";"Red.Beard...Bitter.Red";4;1,049;1,014;29;4,6;13
"103";"duet.clone";2;1,07;1,016;52;7;4
"104";"A2ZIPA...";2;1,072;1,016;71;7,3;3
"105";"K√.nigskrone.German.Pils";3;1,049;1,013;33;4,7;2
"106";"Simple.Hefe";1;1,058;1,015;5;5,6;3
"107";"Ein.ma.Weisse";1;1,047;1,013;8;4,5;4
"108";"IPA";2;1,065;1,011;48;7;9
"109";"Magnibrew.s.Hop..Hop..IPA";2;1,062;1,016;52;6,1;8
"110";"Red.Robyn.2";4;1,044;1,006;22;4,9;9
"111";"Trick.or.Treat.Black.IPA";2;1,08;1,019;67;8;62
"112";"Nugget.Nectar.Clone";2;1,069;1,01;108;7,7;6
"113";"Jamil.s.Evil.Twin...ALL.GRAIN";2;1,065;1,017;69;6,2;16
"114";"Nelson.in.Vienna.SMaSH";2;1,054;1,013;44;5,4;7
"115";"CYBI.Green.Flash.West.Coast.IPA";2;1,077;1,021;100;7,3;8
"116";"Leine.s.Summer.Shandy.Clone";1;1,051;1,012;12;5,1;2
"117";"EMA.American.Pale...26L.batch.";2;1,059;1,009;41;6,6;7
"118";"SaraWeizen";1;1,052;1,013;11;5,1;4
"119";"Hop.Burst.IPA";2;1,065;1,015;56;6,5;7
"120";"American.Rye.IPA";2;1,064;1,015;50;6,4;7
"121";"Chicken.Dog.IPA";2;1,069;1,017;69;6,8;8
"122";"Duke.s.Fall.Retriever";2;1,07;1,01;57;7,8;7
"123";"oktoberfest.hefe";1;1,052;1,012;12;5,2;3
"124";"German.Hefeweizen";1;1,048;1,012;11;4,7;2
"125";"From.Hells.Heart";2;1,062;1,013;70;6,5;8
"126";"Spaceman.IPA";2;1,069;1,01;51;7,8;6
"127";"Hoppy.Red..1";2;1,071;1,017;62;7,1;15
"128";"Red.Classic";4;1,045;1,013;19;4,2;13
"129";"Ruby..X..IPA.4.6.14";2;1,059;1,012;48;6,1;8
"130";"NW.Rye.IPA";2;1,073;1,018;44;7,2;9
"131";"Basic.Bitch.IPA";2;1,072;1,016;56;7,4;6
"132";"Sierra.Nevada.Celebration.IPA";2;1,074;1,011;67;8,3;10
"133";"Hop.Burst.IPA.1";2;1,065;1,013;67;6,7;7
"134";"B.day.Hop";2;1,066;1,015;67;6,7;12
"135";"Hobbit.House.IPA";2;1,061;1,011;69;6,6;6
"136";"GR.IPA";2;1,064;1,017;50;6,2;9
"137";"Citra.Single.Hop";2;1,058;1,012;52;6,1;7
"138";"Transatlantic.IPA";2;1,071;1,018;60;7;7
"139";"Hogan.s.Air.Raid.ag";2;1,065;1,015;65;6,6;6
"140";"Zombie.Dust.Partial.Mash.Clone.Part.II";2;1,06;1,014;47;6;7
"141";"Harvest.Red..2015.";2;1,07;1,016;68;7;10
"142";"SMASH.German.Wheat";1;1,052;1,013;10;5,1;4
"143";"Generic.IPA";2;1,068;1,018;44;6,6;10
"144";"Grapefruit.IPA.1";2;1,072;1,018;50;7,1;6
"145";"IPAHHH.";2;1,059;1,018;61;5,4;7
"146";"Missing.the.Freshness.....IPA";2;1,058;1,014;65;5,8;12
"147";"Heferator";1;1,05;1,013;11;4,8;6
"148";"Sierra.Nevada.Celebration.Ale.Clone";2;1,063;1,015;53;6,3;13
"149";"IPA.1";2;1,073;1,017;57;7,2;6
"150";"MaracujIPA";2;1,058;1,015;43;5,7;7
"151";"Still.Bitches....Still.in.Space..3gal.";2;1,063;1,016;61;6,2;6
"152";"German.IPA";2;1,058;1,015;48;5,7;10
"153";"Liquid.Alpha";2;1,065;1,015;48;6,6;6
"154";"Weihenstephan.Hefe.Weissbier";1;1,048;1,012;14;4,7;3
"155";"Big.Enzyme.ER";2;1,065;1,013;57;6,8;6
"156";"Chanson.d.Hiver";2;1,065;1,016;51;6,4;6
"157";"American.Copper.Ale..22";2;1,069;1,01;58;7,8;14
"158";"Austin.Homebrew.Nelson.Sauvin.IPA";2;1,059;1,014;54;5,9;9
"159";"Cabin.Fever.Stovetop.APA";2;1,06;1,016;64;5,7;10
"160";"Russian.River.Blind.Pig.DIY";2;1,058;1,014;70;5,8;4
"161";"Pliny.Hop.CLone";2;1,086;1,02;159;8,6;5
"162";"Hoppy.Joe.Clone.from.Lervig..3";2;1,052;1,016;32;4,8;18
"163";"Grapefruit.Sculpin.Clone";2;1,069;1,014;74;7,2;4
"164";"Munich.Ale";2;1,083;1,024;46;7,7;6
"165";"White.IPA...Chainbreaker.White.IPA.Clone";2;1,063;1,015;59;6,3;3
"166";"Rickard.s.Red.Clone";4;1,046;1,009;20;4,8;14
"167";"Quailhead.Pils";3;1,052;1,013;23;5;2
"168";"Green.Hulk.IPA.aka.American.Revolution";2;1,068;1,021;193;6,2;6
"169";"Stepchild.Red.Ale";4;1,061;1,017;36;5,9;21
"170";"all.day.ipa";2;1,047;1,012;50;4,6;5
"171";"Darius.hefeweizen";1;1,069;1,018;9;6,7;4
"172";"Citra.Pale.Ale";2;1,067;1,02;110;6,2;10
"173";"Irish.Red.Ale";4;1,06;1,017;28;5,6;17
"174";"Smithwicks.Clone";4;1,062;1,017;26;5,9;13
"175";"Grapefruit.Pulpin";2;1,065;1,009;39;7,3;7
"176";"Munich.II.Citra.SMaSH";2;1,069;1,017;81;6,8;12
"177";"Base.IPA..Centennial.";2;1,065;1,01;51;7,2;7
"178";"Diamond.Not.04.29.13";2;1,073;1,018;44;7,3;12
"179";"Steiner.Experimental.A.IPA";2;1,065;1,015;47;6,5;7
"180";"IPA..1";2;1,059;1,015;41;5,8;6
"181";"X1st.pils";3;1,05;1,013;25;4,9;3
"182";"Heikki.Lunta..go.away.";2;1,067;1,013;48;7;8
"183";"Slainte";4;1,045;1,013;24;4,2;16
"184";"X2013.February...Year.of.the.Snake.Irish.Red";4;1,049;1,013;17;4,7;10
"185";"Yule.s.Red.Tide.Ale";4;1,049;1,011;20;4,9;12
"186";"Citra.SMaSH.IPA";2;1,059;1,016;41;5,6;6
"187";"SHG.Citra";2;1,066;1,017;49;6,4;9
"188";"Krazy.Kra√.sen.Hefeweizen";1;1,048;1,012;14;4,6;3
"189";"X2014.Simple.Hefeweizen";1;1,052;1,01;14;5,4;3
"190";"Corte.Brewing.and.The.Holy.Grail";2;1,066;1,017;51;6,5;7
"191";"Calypso.IPA";2;1,067;1,013;70;7;14
"192";"MicroFest.IPA";2;1,069;1,017;63;6,7;8
"193";"Ed.s.Red.V3";4;1,047;1,01;21;4,7;11
"194";"Ken.s.Biergarten";3;1,049;1,012;31;4,9;2
"195";"Columbus.Solo";2;1,056;1,014;48;5,6;8
"196";"Hoppily.Ever.After";1;1,052;1,013;12;5,1;3
"197";"Singel.hoped.Polaris";2;1,062;1,014;67;6,3;6
"198";"r.ale";2;1,068;1,016;54;6,8;7
"199";"CasMo.SMaSH";2;1,068;1,017;49;6,7;6
"200";"Hefe";1;1,052;1,014;8;5;3
"201";"Weihenstephaner.Hefeweissbier.Clone";1;1,055;1,014;13;5,4;4
"202";"Eggy.s.Mosaic.Promise";2;1,06;1,009;35;6,7;4
"203";"B.64.BIPA.20140217";2;1,068;1,01;89;7,6;39
"204";"Oaty.Nonsense.II";2;1,063;1,016;0;6,2;6
"205";"Union.Jack.Clone";2;1,082;1,013;62;9;7
"206";"Zatec.Pils";3;1,045;1,013;49;4,2;2
"207";"Citra.2.Row.Smash";2;1,061;1,018;52;5,6;2
"208";"Fruit.Festival.IPA";2;1,064;1,016;72;6,3;8
"209";"Mosaic.SMaSH";2;1,063;1,016;55;6,2;5
"210";"Stone..Enjoy.By..clone";2;1,085;1,014;92;9,2;4
"211";"Hop.Scare.IPA";2;1,076;1,018;57;7,6;8
"212";"Zombie.Dirt";2;1,059;1,018;69;5,4;5
"213";"trickster";2;1,054;1,014;87;5,3;7
"214";"Cascade.IPA.1";2;1,068;1,01;66;7,6;7
"215";"West.coast.pils";3;1,055;1,017;38;5,1;3
"216";"Session.IPA...Big.Little.Guy.All.Day..GF.";2;1,045;1,014;44;4,2;7
"217";"A.Pils";3;1,051;1,015;37;4,7;2
"218";"Pils.3GB";3;1,046;1,009;34;4,8;1
"219";"Rye.Rye.Rocco";4;1,06;1,017;31;5,7;11
"220";"Citra.Marris.Otter.SMASH";2;1,071;1,02;89;6,7;6
"221";"Captain.MACC";2;1,073;1,015;71;7,6;5
"222";"Zeus.Black.IPA";2;1,061;1,009;48;6,9;32
"223";"Gold.as.Ice";2;1,054;1,008;58;6;5
"224";"Piney.Falls.IPA";2;1,065;1,009;48;7,3;9
"225";"Dark.Grey.IPA..w..Earl.Grey.Tea.";2;1,069;1,01;66;7,7;28
"226";"American.Spruce.Ale";2;1,062;1,016;54;6;5
"227";"Millennium.Falcon";2;1,052;1,008;72;5,8;6
"228";"Summer.Ale.4.10.15";2;1,042;1,006;47;4,6;1
"229";"El.Dorado.IPA";2;1,068;1,014;131;7,2;8
"230";"All.American.IPA";2;1,075;1,019;56;7,4;11
"231";"The.BABIT.IPA..biab.";2;1,065;1,015;45;6,5;2
"232";"Kiwi.Express.IPA..NB.";2;1,06;1,009;49;6,8;3
"233";"Ace.of.Spades";2;1,064;1,016;64;6,2;32
"234";"Pliny.the.Elder.Clone";2;1,074;1,017;205;7,4;5
"235";"Session.IPA";2;1,04;1,013;73;3,7;2
"236";"Vermont.IPA";2;1,066;1,018;45;6,3;5
"237";"X1.Gallon.IPA";2;1,067;1,02;141;6,2;5
"238";"Union.Jackesk.IPA";2;1,065;1,018;77;6,2;9
"239";"Anchor.Steam.IPA..Extract.";2;1,075;1,022;50;6,9;15
"240";"Fit.To.Be.Ty.d";4;1,054;1,015;25;5,1;13
"241";"Ferocious.IPA";2;1,058;1,015;74;5,6;6
"242";"Fall.Brown.IPA";2;1,056;1,012;85;5,6;9
"243";"Motsatt.kinn.IPA";2;1,066;1,018;68;6,3;8
"244";"Hefeweizen.XII";1;1,053;1,012;14;5,4;3
"245";"HTRB.Lavender.Mint.IPA";2;1,069;1,016;77;6,9;5
"246";"Outer.Spruce";2;1,046;1,007;56;5,2;3
"247";"Original.Punk.IPA.Clone";2;1,053;1,013;42;5,2;4
"248";"Stone.IPA.Clone";2;1,071;1,016;81;7,2;4
"249";"Colorado..all.day..IPA";2;1,067;1,017;49;6,5;14
"250";"Later.Skater.III";2;1,061;1,016;57;5,9;10
"251";"Honey.Amber.IPA.";2;1,068;1,016;70;6,8;10
"252";"Flea.Free.IPA";2;1,066;1,016;47;6,6;7
"253";"American.IPA";2;1,073;1,017;69;7,2;6
"254";"Zombie.Dust.Clone...1.Gallon";2;1,069;1,017;53;6,8;8
"255";"Octopus.lagopus..Phillips.Octofox.clone.";2;1,063;1,016;53;6,2;11
"256";"The.Defeated.Troll";3;1,046;1,011;35;4,6;2
"257";"Little.Richie.Ale";2;1,057;1,017;50;5,3;10
"258";"Kellarb√.r.Ein..Hefeweizen.";1;1,052;1,013;12;5,1;3
"259";"Cuv√.e.35.C2IPA";2;1,07;1,016;61;7,1;6
"260";"Red.Robyn";4;1,047;1,012;21;4,6;18
"261";"Christmas.IPA";2;1,071;1,017;70;7,1;8
"262";"Warm.December";2;1,074;1,015;67;7,7;7
"263";"Red";2;1,069;1,017;62;6,8;14
"264";"Shark.Juice.IPA";2;1,058;1,015;61;5,7;7
"265";"Dead.Ringer.IPA.1";2;1,072;1,01;62;8;14
"266";"American.IPA_late.hop.add";2;1,061;1,014;49;6,1;14
"267";"Iers.Rood";4;1,055;1,014;26;5,4;17
"268";"Bi√.re.de.Mila";2;1,063;1,015;53;6,3;12
"269";"Beast.Mode.IPA";2;1,071;1,018;60;7;7
"270";"Hebeert.s.Full.Nelson.IPA";2;1,071;1,018;52;6,9;11
"271";"Bell.s.2.Hearted.Citra";2;1,059;1,014;61;5,9;6
"272";"Corte.Kiwi.IPA";2;1,074;1,017;66;7,5;6
"273";"The.Heff";1;1,051;1,013;14;4,9;5
"274";"Brett.Botch.Batch.IPA.v6";2;1,06;1,012;62;6,3;11
"275";"House.Standard.IPA";2;1,067;1,012;50;7,2;7
"276";"Goodwheat";1;1,05;1,012;9;5;4
"277";"Underbite.IPA";2;1,058;1,014;46;5,7;8
"278";"First.Crack.AIPA";2;1,057;1,015;68;5,5;7
"279";"En.Amerikansk.Blek.√.l";2;1,058;1,015;67;5,7;11
"280";"Single.Hop.Trials";2;1,062;1,016;67;6,1;8
"281";"X.004...Dead.Ringer.IPA";2;1,073;1,018;52;7,2;10
"282";"I.Doehoe.";2;1,062;1,016;52;6,1;10
"283";"Simcoe.IPA";2;1,067;1,017;64;6,6;6
"284";"CWAY.Gratitude.Attitude";2;1,065;1,016;65;6,4;6
"285";"Summer.2013.IPA";2;1,064;1,015;52;6,4;10
"286";"SMaSH.Series..Liquid.Nuggets";2;1,07;1,016;68;7;6
"287";"Rapid.Fire.IPA";2;1,06;1,012;58;6,3;7
"288";"Plato";2;1,06;1,014;44;6;9
"289";"Sheffield.Series...Lagerboy";3;1,049;1,011;39;5;4
"290";"X.22.‚...Rypa";2;1,063;1,015;59;6,3;8
"291";"Lovebite.Weissbier";1;1,046;1,012;12;4,5;3
"292";"Balls.to.the.wall";2;1,065;1,014;103;6,6;9
"293";"Zombie.Dirt.1";2;1,068;1,021;68;6,2;7
"294";"Grapefruit.Hefeweizen";1;1,057;1,013;23;5,7;3
"295";"Blood.Orange.Heffe.2";1;1,05;1,012;17;5;4
"296";"SAM";2;1,073;1,022;67;6,7;5
"297";"Heffe.Wizen";1;1,053;1,013;10;5,3;3
"298";"Citra.Wheat.IPA";2;1,066;1,01;100;7,3;6
"299";"Fortune...Glory.stag.beetle";2;1,049;1,013;48;4,7;8
"300";"Drake.s.IPA.Clone";2;1,082;1,012;38;9,2;9
"301";"Paesel.Pilsner";3;1,049;1,015;39;4,5;4
"302";"India.Pale.Whale.of.a.Beer";2;1,067;1,017;76;6,6;15
"303";"cybi.Union.Jack";2;1,064;1,014;67;6,5;4
"304";"The.Big.Red.One";4;1,046;1,012;34;4,5;9
"305";"Hop.Drop.and.Roll.clone";2;1,072;1,01;84;8;7
"306";"West.Coast.IPA...11.Gal.....1";2;1,066;1,015;89;6,6;2
"307";"Black.Forest.Sorachi.IPA";2;1,064;1,015;63;6,4;30
"308";"X.26...Chinook.Ale";2;1,07;1,021;38;6,4;7
"309";"Citra.IPA.8.23.15";2;1,059;1,014;76;6;8
"310";"RyePA";2;1,071;1,022;209;6,4;7
"311";"Irish.Red.1";4;1,064;1,017;23;6,1;10
"312";"space.dust.clone..2";2;1,076;1,019;75;7,5;5
"313";"Davids.Ranger.IPA";2;1,055;1,013;67;5,5;7
"314";"Trillium.Congress.Street.DDH.IPA.Extract";2;1,06;1,009;44;6,8;5
"315";"schneider.weisse.clone";1;1,046;1,011;7;4,6;6
"316";"Backyard.IPA.2.0";2;1,055;1,015;157;5,2;7
"317";"New.IPA.S7";2;1,07;1,018;73;6,8;4
"318";"Hinky.Dink.India.Cream.Ale";2;1,058;1,014;47;5,7;5
"319";"Tight.Butthole";2;1,073;1,011;87;8,2;31
"320";"Foxy.Pantz.Pils";3;1,046;1,011;20;4,7;4
"321";"Schneider.Weisse.Clone";1;1,053;1,014;22;5,1;8
"322";"German.Pils";3;1,052;1,01;43;5,4;2
"323";"pliney.ish";2;1,062;1,009;75;7;6
"324";"SoCo.Pennybacker.Double.IPA";2;1,07;1,014;79;7,3;10
"325";"X2013.Memorial.Day.ipa";2;1,068;1,021;105;6,2;8
"326";"Lime.Shandy.Mark.1";1;1,052;1,012;16;5,1;2
"327";"Into.the.Unknown.IPA";2;1,061;1,015;118;6;10
"328";"Soweto.From.Here.IPA";2;1,062;1,009;54;6,9;40
"329";"Lemon.Coriander.Weiss";1;1,057;1,014;12;5,6;3
"330";"Cactus.Bite";2;1,067;1,01;93;7,5;5
"331";"Celebration.Bitches";2;1,071;1,018;87;7;9
"332";"G√.stens.Licht.Weiss";1;1,053;1,013;9;5,2;3
"333";"Black.IPA";2;1,054;1,008;51;6,1;33
"334";"Flying.Dog.Raging.Bitch.Clone";2;1,056;1,015;72;5,4;10
"335";"WIPA";2;1,063;1,014;61;6,4;3
"336";"Aviator.Hot.Rod.Red.Clone";4;1,067;1,013;49;7;16
"337";"Hopped.the.Question";2;1,062;1,012;45;6,5;5
"338";"BJ.s.Jeremiah.red.clone";4;1,069;1,02;26;6,4;18
"339";"Boba.Brett..Sour.White.IPA.";2;1,063;1,014;68;6,4;4
"340";"WhiteyPA";2;1,066;1,018;69;6,3;5
"341";"Simcoe.based.IPA";2;1,058;1,008;66;6,5;13
"342";"Third.Party.Liability.IPA";2;1,075;1,014;75;8;5
"343";"Brewers.Best.IPA.with.Dry.Hop";2;1,063;1,017;83;6;10
"344";"Waimea.River";2;1,063;1,019;57;5,8;6
"345";"X.27.‚...Slurm";2;1,061;1,01;64;6,7;5
"346";"Congress";2;1,066;1,011;73;7,3;5
"347";"Titan.IPA.Clone";2;1,063;1,015;113;6,3;10
"348";"Northern.Brewer..Bavarian.Hefeweizen";1;1,055;1,015;15;5,2;3
"349";"Pinner..2.Session.IPA";2;1,05;1,013;81;4,9;3
"350";"Bosco.s.Irish.Red";4;1,055;1,014;27;5,4;20
"351";"X2.Poles..IPA..1";2;1,063;1,012;67;6,6;3
"352";"Julius.Clone";2;1,063;1,014;33;6,3;5
"353";"County.Clare.Red.Ale";4;1,074;1,025;27;6,5;17
"354";"Fireside.IPA";2;1,073;1,022;73;6,7;10
"355";"Yum.Yum.Hefe";1;1,053;1,013;8;5,2;4
"356";"Blackheart.IPA";2;1,071;1,017;61;7;34
"357";"Griffiths.IPA";2;1,066;1,016;53;6,5;16
"358";"RIPAblican";2;1,065;1,009;74;7,3;8
"359";"Citra.Black.IPA.clone";2;1,057;1,015;42;5,4;31
"360";"Pacific.Warrior.May.2015";2;1,06;1,009;65;6,7;11
"361";"Berndog.s.Fall.IPA";2;1,087;1,026;70;8;8
"362";"Simple.Heffe.2";1;1,053;1,014;15;5,1;4
"363";"Badger.Red.Irish.Ale";4;1,055;1,016;26;5,1;15
"364";"First.Run.Weizen";1;1,021;1,006;29;1,9;2
"365";"Rob.s.IPA";2;1,075;1,019;70;7,3;5
"366";"Red.Ale..Hodge.version.";4;1,055;1,015;23;5,3;12
"367";"Big.Daddy.IPA";2;1,063;1,015;94;6,3;13
"368";"Resin.IPA.not.session";2;1,067;1,016;92;6,7;5
"369";"X.7.Raspberry.IPA";2;1,07;1,014;99;7,3;11
"370";"Dogfish.Head.60.Minute.IPA.Clone";2;1,063;1,019;80;5,8;9
"371";"Ranger.IPA";2;1,058;1,009;109;6,4;7
"372";"Unita.s.Hop.Nosh";2;1,051;1,007;72;5,8;10
"373";"Glenview.Rye.IPA";2;1,062;1,009;60;7;11
"374";"Hunkel";1;1,047;1,012;13;4,6;11
"375";"Squashed.Armadillo.Amarillo.Smash";2;1,061;1,014;49;6,1;5
"376";"DFH.60.Minute.IPA.Clone";2;1,067;1,02;56;6,2;4
"377";"Simcoe.Select.IPA..Midwest.kit.";2;1,053;1,013;75;5,2;13
"378";"The.Great.American.Incognitum";2;1,067;1,02;67;6,1;10
"379";"Knife.Hand.IPA";2;1,062;1,015;59;6,2;32
"380";"Maris.Otter...Nelson.Sauvin.SMaSH";2;1,07;1,01;47;7,8;6
"381";"Sculpin.Clone";2;1,064;1,009;97;7,1;5
"382";"Ruination.Pale";2;1,061;1,02;66;5,3;4
"383";"New.Zealand.IPA";2;1,063;1,015;107;6,3;6
"384";"Valhalla..double.ipa";2;1,081;1,02;78;7,9;7
"385";"Run.Down";2;1,081;1,012;88;9,1;5
"386";"Falcon.Rye.IPA";2;1,058;1,008;50;6,5;12
"387";"Citrillo.7";2;1,066;1,01;96;7,4;6
"388";"American.IPA.v2";2;1,065;1,017;75;6,3;7
"389";"Unnamed.IPA..17.";2;1,053;1,013;138;5,2;8
"390";"birthday.ipa";2;1,058;1,015;89;5,7;3
"391";"Blueberry.Oatmeal.IPA";2;1,053;1,013;81;5,3;4
"392";"Brian.Pilsner";3;1,051;1,013;23;5;2
"393";"Wilson.IPA.III";2;1,058;1,005;70;6,9;10
"394";"fikePA";2;1,06;1,015;88;5,9;5
"395";"Juicy.IPA";2;1,065;1,018;80;6,2;2
"396";"X0025.Bobbo.Beer";2;1,059;1,015;178;5,8;2
"397";"Jaded.IPA";2;1,065;1,009;55;7,2;6
"398";"Smashing.the.Mosaic";2;1,067;1,017;109;6,5;5
"399";"Blood.Orange.Mosaic.IPA";2;1,067;1,017;61;6,5;3
"400";"Iroquois";2;1,065;1,009;72;7,3;8
"401";"Pisgah.Pale.Clone";2;1,074;1,018;71;7,4;8
"402";"Russian.River.Pliny.the.Elder";2;1,074;1,017;186;7,4;5
"403";"Hogan.the.Coon.Dog";2;1,06;1,011;61;6,3;3
"404";"Jefferson";2;1,06;1,016;70;5,8;4
"405";"EMA.American.Pale..26L.batch..v1.2";2;1,059;1,009;101;6,6;7
"406";"Gueymano.s.Genesis.IPA";2;1,067;1,016;117;6,8;7
"407";"Stuff..Em.Up.the.Guns";2;1,061;1,009;54;6,9;6
"408";"White.Dog.Wit.clone";1;1,065;1,016;12;6,5;5
"409";"zombie.dust.clone";2;1,051;1,016;82;4,6;9
"410";"Maris.Motueka.Smash";2;1,054;1,014;50;5,3;4
"411";"Mosaic.Pale.Ale";2;1,065;1,009;53;7,3;6
"412";"Light.Speed.IPA";2;1,07;1,017;86;6,9;7
"413";"Weissbier.Estiu.2014";1;1,052;1,013;9;5,1;2
"414";"Citra.Black.IPA.1";2;1,071;1,015;64;7,4;41
"415";"Kiwi.Express";2;1,067;1,019;70;6,4;9
"416";"Enkel.Mango.IPA";2;1,062;1,016;42;6,1;4
"417";"Hoppily.Ever.After.1";2;1,065;1,016;71;6,4;8
"418";"X.2.14..BrewCrate.s.Resolution.Red";4;1,054;1,008;13;6;13
"419";"Stouts.Are.The.Best";2;1,061;1,015;37;5,9;5
"420";"Day.Rate.Black.IPA";2;1,066;1,016;69;6,5;35
"421";"Ace.of.Spades...Black.IPA";2;1,069;1,016;62;6,9;35
"422";"MoreBeer.German.Hefeweizen";1;1,053;1,014;14;5,1;3
"423";"KatastIPA";2;1,066;1,016;101;6,5;9
"424";"Bells.Two.Hearted.Clone";2;1,066;1,017;44;6,4;6
"425";"El.Dorado.IPA.1";2;1,063;1,012;61;6,7;6
"426";"Earl.Grey.IPA..Gunnamatta.inspired.";2;1,066;1,016;52;6,6;8
"427";"Knot.Mine";2;1,07;1,018;40;6,9;9
"428";"IPA.2014..1";2;1,065;1,01;57;7,2;7
"429";"Bush.Irish.Red";4;1,052;1,014;20;5,1;16
"430";"Rudeboy.Red.Ale";4;1,051;1,014;24;4,9;18
"431";"German.Pils.1";3;1,048;1,012;41;4,8;3
"432";"Setoff.Summer.IPA";2;1,067;1,016;51;6,7;13
"433";"Silverberry.Pils";3;1,047;1,009;34;5;3
"434";"Cobb.s.IPA";2;1,06;1,018;59;5,6;10
"435";"Linwood.IPA";2;1,063;1,016;56;6,2;9
"436";"American.IPA.v1";2;1,074;1,018;69;7,3;10
"437";"Christina.s.GF.Pale.Ale";2;1,061;1,014;61;6,1;7
"438";"West.by.Midwest.IPA";2;1,062;1,015;60;6,2;7
"439";"Rocky.Island.Weiss.ass";1;1,048;1,013;12;4,7;7
"440";"Storm.of.the.Century";2;1,071;1,018;64;6,9;7
"441";"Irish.Red.2";4;1,049;1,013;23;4,7;12
"442";"Red.Duffer";4;1,045;1,013;27;4,2;13
"443";"Baby.Jake.Ale";4;1,06;1,014;20;6;15
"444";"Ginger.Juggs.Irish.Red";4;1,052;1,013;24;5,2;16
"445";"Kaiser.Franz";3;1,045;1,011;29;4,5;2
"446";"Micro.Pilsner";3;1,045;1,011;28;4,4;2
"447";"Vitamin.C";2;1,061;1,015;60;6;7
"448";"Regular.Red";4;1,056;1,013;22;5,7;16
"449";"X0.Day.IPA";2;1,068;1,014;55;7,1;7
"450";"Infidel..2011.05.021.version.";2;1,067;1,016;58;6,7;9
"451";"A.Captain.s.IPA";2;1,065;1,016;59;6,3;8
"452";"Legacy.IPA";2;1,071;1,018;62;6,9;6
"453";"Bawlmer.Rye.IPA";2;1,063;1,016;59;6,2;7
"454";"Single.hop.single.grain.IPA";2;1,058;1,015;68;5,6;6
"455";"Bearwallow.IPA.I";2;1,062;1,011;66;6,7;9
"456";"Snoo.Snoo.IPA";2;1,073;1,017;58;7,3;6
"457";"Brent.s.India.Pale";2;1,068;1,016;43;6,7;8
"458";"Golden.Cent.Amo.Ale";2;1,063;1,016;59;6,2;7
"459";"Batch.79...Vintage.Hills.Celebration.IPA";2;1,064;1,013;67;6,7;10
"460";"Why.d.You.Only.Call.Me.When.You.re.Rye";2;1,058;1,014;70;5,8;7
"461";"Freedom.XPA";2;1,062;1,015;48;6,2;7
"462";"Possum.Trot.Cent.Amo.Ale";2;1,064;1,016;46;6,3;6
"463";"Wedding.IPA";2;1,063;1,017;68;6;7
"464";"Red.Ale.Brewer.s.Best";4;1,05;1,013;19;5;13
"465";"Single.Malt.IPA";2;1,057;1,015;48;5,5;6
"466";"Snuggles.Pils";3;1,048;1,012;34;4,7;2
"467";"Quotidian.IPA.version.2.10gal";2;1,064;1,016;41;6,3;10
"468";"Red.Beard.Ale";4;1,047;1,013;23;4,5;14
"469";"Lost.in.Translation";2;1,065;1,017;65;6,3;6
"470";"Celebration.Clone..2012.01.22.version.";2;1,07;1,018;61;6,8;11
"471";"Accidental.Lie.in..May.16th.";2;1,058;1,014;70;5,7;6
"472";"Bell.s.Two.Hearted.Ale.Clone";2;1,07;1,01;67;7,9;7
"473";"Irish.Red.3";4;1,054;1,014;18;5,2;14
"474";"German.Pilsner.2";3;1,05;1,012;43;5;2
"475";"Diamond.Not.10.06.13";2;1,06;1,014;49;6;10
"476";"Mostly.All.Amarillo.IPA";2;1,066;1,018;68;6,3;8
"477";"Big.Biff.Apricot.IPA";2;1,061;1,015;61;6;7
"478";"Funk.Citra";2;1,059;1,012;55;6,1;7
"479";"Hefeweisen.v1";1;1,051;1,013;12;5;3
"480";"Beach.Wheat";1;1,051;1,014;15;4,8;2
"481";"Prunches.Michale..1";4;1,046;1,012;22;4,5;14
"482";"Glory.Hole";2;1,07;1,013;68;7,4;12
"483";"Midwest.Irish.Ale";4;1,049;1,012;20;4,8;12
"484";"Crazy.Squirrel.IPA";2;1,063;1,017;48;6;7
"485";"X51.weeks.IPA";2;1,065;1,015;66;6,5;6
"486";"Falconer.s.Flight.IPA";2;1,063;1,017;53;6;7
"487";"ipah";2;1,063;1,013;66;6,6;7
"488";"IPA.2";2;1,061;1,015;49;6;10
"489";"Polar.Vortex.IPA";2;1,061;1,015;49;6,1;6
"490";"BS5.IPA.with.Simcoe";2;1,069;1,016;60;6,9;9
"491";"Mosiac.iPa";2;1,066;1,016;64;6,6;11
"492";"Irish.Red.Ale..St..Patty.s.Day.2012.";4;1,055;1,014;23;5,4;13
"493";"Keystone.American.IPA";2;1,057;1,013;69;5,8;6
"494";"West.by.Midwest.IPA.2";2;1,06;1,016;53;5,8;7
"495";"Space.Conquistador";2;1,06;1,016;60;5,7;10
"496";"Slice.of.the.Black..lighter.";2;1,069;1,016;51;7;14
"497";"Pauls.Irish";4;1,049;1,013;18;4,7;13
"498";"Drakes.1500.Clone";2;1,056;1,013;59;5,6;9
"499";"Citra.Session.IPA";2;1,057;1,016;46;5,4;7
"500";"Nugget.IPA";2;1,068;1,018;68;6,6;6
"501";"Festivus.Ale";2;1,07;1,017;65;7,1;11
"502";"Hoppy.Medium.IPA";2;1,068;1,017;55;6,7;7
"503";"Less.Bitter..2011.05.12.version.";2;1,064;1,016;59;6,3;6
"504";"Bombay.IPA.1b";2;1,06;1,015;54;6;7
"505";"Small.batch.Columbus.Pale";2;1,066;1,016;56;6,4;10
"506";"The.Annexation.of.Puerto.Rico.IPA";2;1,061;1,014;66;6,1;6
"507";"Fresh.Squeezed";2;1,065;1,015;65;6,5;9
"508";"Passi√≥";1;1,049;1,012;13;4,8;4
"509";"R√.llimets√.n.Vaiettu.Salaisuus....hopburst...";2;1,064;1,016;60;6,3;9
"510";"Mike.s.Smoked.Red";4;1,049;1,014;22;4,6;12
"511";"IPA.7.2015";2;1,074;1,017;43;7,4;6
"512";"Tyler.s.All.Grain.Irish.Red.Ale";4;1,048;1,014;22;4,5;15
"513";"Yep..All.Citra.Again..it.s.easy";2;1,06;1,015;49;5,9;7
"514";"IPA.137";2;1,073;1,011;66;8,2;7
"515";"Bass.Lake.Haze..n.Hops";2;1,057;1,015;50;5,5;11
"516";"Hellbraun.Hefeweizen.v2";1;1,05;1,013;12;4,9;5
"517";"Jeffy.the.heffe";1;1,052;1,013;14;5;2
"518";"Wheat";1;1,05;1,014;14;4,8;5
"519";"Gylatic.Pils";3;1,049;1,012;27;4,8;2
"520";"IPA.in.Shed";2;1,07;1,01;47;7,8;7
"521";"Not.Another.IPA";2;1,066;1,013;67;7;8
"522";"Bohemian.Rap.Sudy";3;1,05;1,012;33;5;2
"523";"Regal.Beagle.IPA";2;1,06;1,015;63;5,9;6
"524";"Dead.Ringer.IPA..NB";2;1,071;1,018;51;6,9;7
"525";"Lost.Comet";2;1,061;1,015;51;5,9;7
"526";"Goosey.MacGooserton.Irish.Red.AG";4;1,046;1,012;22;4,5;13
"527";"AG.Dead.Ringer";2;1,072;1,01;67;8,1;7
"528";"Rhino.Fart.2";2;1,062;1,015;49;6,2;11
"529";"Vipa";2;1,069;1,016;55;6,9;11
"530";"Six.and.Tangent";2;1,061;1,011;60;6,5;7
"531";"Golden.Amo.Cas.Ale";2;1,063;1,015;52;6,3;7
"532";"Irish.Red.Ale.1";4;1,049;1,011;21;5;10
"533";"Zythos.IPA";2;1,058;1,014;64;5,7;7
"534";"Red.on.Head";2;1,059;1,015;66;5,8;13
"535";"TFC..2.1";2;1,068;1,018;55;6,6;9
"536";"Got.to.use.up.this.Citra";2;1,06;1,015;49;5,9;7
"537";"Palisade.IPA";2;1,063;1,017;60;6;7
"538";"Hefe.50..Split.Batch.";1;1,051;1,013;12;5;5
"539";"Zajebiste.piwo.Kuby.2.HopSaaza7";1;1,047;1,012;12;4,6;3
"540";"The.Native";4;1,052;1,012;23;5,2;13
"541";"R√.yslimoen.IPA.v3...batch..06";2;1,056;1,015;68;5,3;8
"542";"All.Hopped.Up.IPA";2;1,071;1,017;69;7,1;7
"543";"Hubschrauber";1;1,052;1,014;11;5;3
"544";"X16x.10.30.Pilsner";3;1,05;1,01;26;5,2;2
"545";"Mans.Red.Flower";2;1,064;1,015;40;6,4;9
"546";"Red.Ale";4;1,05;1,012;20;5;13
"547";"IPA..1.1";2;1,062;1,016;53;6,1;6
"548";"Leftover.IPA";2;1,07;1,016;61;7;9
"549";"Hell.Bent.Pils...Kolsch.Yeast..2011.06.19.version.";3;1,05;1,013;40;4,8;2
"550";"Tron.s.Irish.Red.nr.1";4;1,049;1,014;23;4,5;15
"551";"Tight.Lines.IPA..2011.04.29.version.";2;1,068;1,018;69;6,6;6
"552";"Blind.Hawg";2;1,061;1,014;55;6,1;6
"553";"Down.Under.IPA..O.Connor.s.";2;1,057;1,014;59;5,6;7
"554";"Two.Hearted.Clone.Attempt";2;1,062;1,016;51;6;6
"555";"Baby.Blues.Away.IPA";2;1,064;1,016;57;6,3;7
"556";"Danya.s.Day.Off";2;1,059;1,014;61;5,9;6
"557";"East.Coast.IPA.with.Meyer.Lemon";2;1,066;1,017;56;6,5;7
"558";"BC13.Green.Tooth.IPA";2;1,068;1,017;44;6,7;7
"559";"Tight.Lines.IPA";2;1,068;1,018;69;6,6;6
"560";"Wedding.wheat";1;1,051;1,014;15;4,8;2
"561";"Pacific.IPA";2;1,064;1,015;48;6,4;7
"562";"San.Diego.IPA";2;1,063;1,013;55;6,5;6
"563";"Fine.Mountain.Lilikoi.IPA";2;1,068;1,016;65;6,8;8
"564";"Height.Herup.Exalts.It.Irish.Ale";4;1,053;1,014;22;5,1;16
"565";"Cen.Am.Ale";2;1,064;1,016;44;6,3;6
"566";"Easy.Hefe";1;1,049;1,013;14;4,7;3
"567";"Possum.Trot.Replay.Cent.Amo.Ale";2;1,064;1,016;45;6,3;6
"568";"American.IPA.1";2;1,069;1,018;40;6,6;8
"569";"Hopnormous.Double.IPA";2;1,068;1,018;44;6,6;8
"570";"Dead.Ringer.IPA..BIAB...Small.Batch.";2;1,063;1,016;46;6,2;8
"571";"McNelis..Irish.Red";4;1,058;1,014;22;5,7;15
"572";"Mela.Red.Ale";4;1,047;1,014;17;4,3;12
"573";"German.Pilsner..1";3;1,048;1,013;27;4,6;2
"574";"≈.ywiec";3;1,048;1,013;30;4,6;3
"575";"March.IPA";2;1,062;1,016;69;6;10
"576";"Ruaidr√.";4;1,052;1,013;27;5,1;14
"577";"DownUnder";2;1,07;1,017;59;7,1;7
"578";"MO.Amarillo.SMASH";2;1,061;1,015;56;6;6
"579";"ipa.1";2;1,061;1,014;65;6,1;7
"580";"Siuslaw.IPA";2;1,062;1,015;47;6,3;8
"581";"VandalEyes.PA";2;1,07;1,017;53;6,9;8
"582";"Dead.Ringer.IPA.2";2;1,067;1,017;55;6,6;7
"583";"Spankies.German.Pils";3;1,05;1,01;36;5,2;2
"584";"Single.Malt.IPA.1";2;1,071;1,017;62;7,1;6
"585";"Roll.on.Columbia";2;1,064;1,017;63;6,2;12
"586";"Centennial.Delight";2;1,066;1,016;52;6,6;7
"587";"Untitled.Weizen.Weissbier.162387";1;1,052;1,013;12;5,1;5
"588";"Late.Night.IPA";2;1,057;1,011;50;6;8
"589";"sorta.kinda.NB.Patersbier";3;1,049;1,012;25;4,8;2
"590";"Brewers.Best..Red.Ale.Kit";4;1,05;1,012;20;5;13
"591";"Half.hung.Red";4;1,051;1,013;22;5;13
"592";"Red.Ale.1";4;1,05;1,014;24;4,7;12
"593";"Flying.Monkey...Smashbomb.Atomic.IPA.Clone";2;1,064;1,017;68;6,2;11
"594";"All.Citra.Again";2;1,06;1,015;49;5,9;7
"595";"X.53.IPA";2;1,063;1,012;63;6,7;7
"596";"Polaris";3;1,049;1,013;43;4,8;2
"597";"Vienna.IPA..mk.4";2;1,06;1,012;62;6,3;9
"598";"Fresh.NZAPA";2;1,06;1,014;44;6;6
"599";"Brewer.s.Best.Red.Ale";4;1,052;1,012;25;5,1;13
"600";"Traditional.Hefe";1;1,051;1,013;12;5;3
"601";"Bridgeport.IPA";2;1,058;1,016;46;5,5;7
"602";"Judges.Pick.IPA";2;1,059;1,013;57;6;7
"603";"Bryan.s.Irish.Red";4;1,049;1,012;23;4,9;12
"604";"SMSH..Opal.";3;1,048;1,012;31;4,8;2
"605";"Columbus.IPA.1";2;1,063;1,015;48;6,3;6
"606";"Hefe.1";1;1,048;1,012;13;4,7;3
"607";"DTs.Debauchery.Irish.Ale";4;1,059;1,013;22;6;14
"608";"Carlsberg.Clone";3;1,049;1,012;26;4,8;2
"609";"Melfstar.Red";4;1,051;1,013;22;5;12
"610";"German.Pils.Wedding.Edition";3;1,048;1,01;28;5;3
"611";"Zombie.Dust.Variant";2;1,06;1,014;68;6;9
"612";"HGIPA";2;1,063;1,013;57;6,5;8
"613";"Pilsy";3;1,047;1,012;26;4,6;3
"614";"DanK.IPA.20.";2;1,061;1,013;52;6,4;9
"615";"Boulevard.Irish.Ale.Clone";4;1,053;1,011;22;5,5;16
"616";"Wedding.Weizen";1;1,048;1,013;10;4,7;2
"617";"Summer.Solstice.Pils";3;1,049;1,011;36;4,9;2
"618";"Clear.Day";3;1,05;1,013;36;4,8;2
"619";"Inbred.Red";4;1,05;1,013;19;4,8;14
"620";"Zeus.on.the.Summit.with.a.Citra.Amarillo";2;1,07;1,017;67;6,9;8
"621";"Golden.Citra.Ale";2;1,063;1,016;58;6,2;7
"622";"Eire.Ay";4;1,054;1,014;21;5,3;13
"623";"American.IPA.2";2;1,06;1,016;65;5,8;11
"624";"Resolved.IPA";2;1,065;1,016;62;6,4;8
"625";"MYIPA";2;1,067;1,016;54;6,7;9
"626";"Weissbier..Nelson.Sauvin.Hopped.";1;1,05;1,013;13;4,9;3
"627";"Cascade.IPA.2";2;1,067;1,01;48;7,4;9
"628";"DelaHefeweizen";1;1,05;1,012;11;5,1;3
"629";"Damberts.3.0.IPA..2011.07.07.version.";2;1,063;1,015;62;6,4;6
"630";"pelirrojo";4;1,053;1,013;24;5,2;15
"631";"Chinook.IPA.2";2;1,068;1,018;69;6,6;6
"632";"Citra.Ale..OR.Water.";2;1,063;1,016;50;6,2;6
"633";"Midwest.Supplies..Irish.Red.Ale.Kit";4;1,049;1,01;25;5,1;12
"634";"Amarillo.Ale.with.Victory.Malt..2012.07.28.version.";2;1,065;1,016;65;6,4;8
"635";"Amarillo.by.morning";2;1,061;1,016;66;5,9;9
"636";"Sam.Adam.Noble.Clone";3;1,047;1,011;38;4,7;2
"637";"The.Pils.that.Ills";3;1,049;1,011;36;5;2
"638";"Cascade.IPA.3";2;1,061;1,015;64;6;7
"639";"Magic.Elf";2;1,068;1,015;41;6,9;8
"640";"Modified.Midwest.Irish.Red";4;1,048;1,013;17;4,6;11
"641";"SorGood.IPA";2;1,065;1,016;62;6,4;6
"642";"PALIPA";2;1,062;1,015;58;6,2;12
"643";"Parents.in.Town";2;1,06;1,018;66;5,5;7
"644";"Midwest.s.Irish.Red.Ale";4;1,049;1,012;23;4,8;12
"645";"The.Pink.Elephant";1;1,05;1,013;12;4,9;3
"646";"Raspberry.Pilsner";3;1,048;1,011;29;4,8;5
"647";"Penney.Pils";3;1,049;1,01;39;5,2;3
"648";"El.Hef.e";1;1,052;1,013;15;5,1;3
"649";"Midwest.Supplies..Irish.Red.Ale.Kit.1";4;1,049;1,013;25;4,7;12
"650";"Golden.Cent.Amo.Cas.Ale";2;1,063;1,016;58;6,2;7
"651";"Too.Many.Pils";3;1,047;1,012;40;4,7;2
"652";"X141...Irish.Red";4;1,049;1,013;27;4,7;18
"653";"Julie.and.Dan.Pale.Ale";2;1,072;1,017;46;7,2;10
"654";"X62.Truck.Irish.Red.Ale";4;1,049;1,013;21;4,7;12
"655";"Modified.Two.Hearted.Clone";2;1,074;1,011;57;8,3;7
"656";"Standard.IPA";2;1,066;1,016;59;6,6;6
"657";"X7th.Paramount.Brew";2;1,063;1,016;63;6,2;8
"658";"Oaken.Fist.2015";2;1,062;1,016;48;6,1;11
"659";"R√.yslimoen.IPA...batch..01";2;1,06;1,014;56;6;8
"660";"Green.Eyes";4;1,049;1,011;20;5;17
"661";"Joe.s.Irish.Red.Ale";4;1,058;1,012;27;6,1;15
"662";"Ripley.s.Irish.Red";4;1,052;1,012;23;5,3;15
"663";"Amber.IPA";2;1,061;1,015;59;6;10
"664";"Bullcity.Hefe";1;1,046;1,012;14;4,5;3
"665";"Fresh.Squeezed.IPA";2;1,062;1,015;63;6;10
"666";"Noble.Pils";3;1,044;1,011;42;4,3;2
"667";"December.Cent.Amo.Ale";2;1,064;1,016;58;6,3;6
"668";"Haller.Heffy";1;1,047;1,012;15;4,6;5
"669";"Kornuit";3;1,05;1,011;39;5,1;2
"670";"Whitey";1;1,051;1,013;12;5;2
"671";"PrimaDonna.Pils";3;1,048;1,012;42;4,7;2
"672";"Poppy.s.Irish.Red";4;1,045;1,012;23;4,3;12
"673";"The.Shoe";4;1,048;1,013;23;4,6;13
"674";"SHMIPA";2;1,066;1,016;42;6,6;8
"675";"Binary.Pils";3;1,05;1,012;29;5;2
"676";"Ugly.Stick";2;1,072;1,017;52;7,2;8
"677";"Szabad.S√≥lyom";2;1,064;1,014;52;6,5;6
"678";"Itrus.Pale.Ale";2;1,065;1,016;62;6,3;8
"679";"Experimental.Irish";4;1,049;1,013;19;4,7;12
"680";"Dual.Crystal.Citra.Ale";2;1,064;1,016;50;6,3;6
"681";"Perfect.day.IPA";2;1,07;1,018;61;6,8;8
"682";"IPAlone";2;1,06;1,017;45;5,7;7
"683";"South.Coast.IPA";2;1,059;1,011;62;6,3;6
"684";"Finger.Roll.IPA";2;1,068;1,015;52;7;9
"685";"Hoppy.Seconds..Citra.IPA.";2;1,069;1,016;67;7;8
"686";"Juicy.Juice";2;1,069;1,017;57;6,7;6
"687";"IPA.experiment.11.7.2015";2;1,067;1,014;66;7;8
"688";"Eight.Ounce.IPA";2;1,067;1,015;55;6,8;7
"689";"Pine.Barrens.IPA";2;1,065;1,015;55;6,5;8
"690";"Citrus.IPA.2016";2;1,068;1,016;67;6,8;6
"691";"Late.Addition.IPA";2;1,057;1,014;69;5,6;8
"692";"Ten4";2;1,063;1,015;55;6,3;6
"693";"Fat.Woody.s.Irish.Red";4;1,047;1,012;21;4,6;9
"694";"Naughty.Leprechaun";4;1,049;1,013;20;4,7;14
"695";"Rari.s.Amarillo.IPA..5g.";2;1,062;1,015;53;6,2;7
"696";"O.leary.s.No.touch.F.en.Red";4;1,05;1,014;23;4,7;12
"697";"Amarillo.Post.Road.IPA";2;1,065;1,016;69;6,4;14
"698";"Simcoe.IPA.1";2;1,067;1,017;66;6,6;12
"699";"Citra.Amarillo.Centennial.IPA";2;1,058;1,016;54;5,6;7
"700";"Beerculese";2;1,061;1,016;46;5,9;6
"701";"Magnum.Amarillo.IPA";2;1,063;1,015;64;6,3;10
"702";"Brewer.s.Best.Red.Ale.1";4;1,051;1,013;23;5;13
"703";"Irish.Red..12";4;1,049;1,013;25;4,7;12
"704";"ipa";2;1,059;1,014;43;5,9;10
"705";"Draugr.IAPA";2;1,065;1,016;59;6,4;7
"706";"Irish.Red.4";4;1,05;1,014;22;4,7;12
"707";"Two.Hearts.Together.Ale";2;1,056;1,014;58;5,5;7
"708";"May.IPA";2;1,059;1,015;62;5,8;11
"709";"Cascade.IPA.4";2;1,068;1,017;70;6,7;6
"710";"Small.Round.Oranges";2;1,058;1,014;57;5,8;6
"711";"R.F..Hefe.II";1;1,05;1,013;12;4,9;3
"712";"Misfit.Red";4;1,05;1,014;22;4,8;15
"713";"Firewater.IPA.5g";2;1,074;1,017;68;7,4;7
"714";"Killick.s.Almost.Single.Malt.India.Pale.Ale.v2";2;1,072;1,017;54;7,2;6
"715";"Golden.Citra.Ale..2012.08.11.version.";2;1,063;1,016;57;6,2;7
"716";"SHG.Columbus";2;1,066;1,017;56;6,5;9
"717";"X5.Alive.Wheat";1;1,05;1,013;13;4,8;3
"718";"London.Cent.Amo.Ale";2;1,063;1,016;49;6,2;7
"719";"Citra.Simcorillo.IPA";2;1,071;1,018;63;7;8
"720";"Middle.Road.IPA";2;1,068;1,016;57;6,8;8
"721";"Less.Bitter";2;1,064;1,016;59;6,3;8
"722";"TNT.s.Cascadian.Ale";2;1,065;1,016;43;6,4;7
"723";"BRP007.red.ale.all.grain.starter.trial";4;1,051;1,012;23;5,1;13
"724";"Ginger.Kid";4;1,048;1,013;23;4,6;13
"725";"CritraAm.Ale";2;1,064;1,016;48;6,3;6
"726";"DK.s.Original.IPA..Hog.s.Neck.Brewing.";2;1,069;1,013;54;7,4;9
"727";"Apollo.Ale";2;1,057;1,015;67;5,5;7
"728";"Red.Clover";4;1,058;1,012;27;6,1;13
"729";"X.030..Golden.Bull";2;1,069;1,011;60;7,5;7
"730";"Citra.IPA";2;1,059;1,018;40;5,4;8
"731";"weizen";1;1,05;1,012;13;5;3
"732";"IPA.Nima.2";2;1,066;1,015;68;6,6;10
"733";"Pilsener";3;1,05;1,013;35;4,8;2
"734";"Pilsner.1";3;1,05;1,013;36;4,8;2
"735";"Jag.off.Jaggery.IPA";2;1,06;1,014;67;6;11
"736";"X.017.Seat.of.my.Pants.IPA";2;1,071;1,01;67;8;9
"737";"Diamond.Not.IPA.9.28.14";2;1,067;1,014;47;6,9;11
"738";"IPA.4";2;1,071;1,016;43;7,2;9
"739";"Ahtanum.Golden.Ale";2;1,063;1,016;62;6,2;7
"740";"Santiam.German.Pilsner";3;1,047;1,012;35;4,6;2
"741";"American.IPA.3";2;1,067;1,017;41;6,5;8
"742";"X16x.10.35.Pilsner";3;1,05;1,01;30;5,2;2
"743";"Blazing.World.from.Modern.Times.beersmith.link";2;1,067;1,017;63;6,6;8
"744";"Nugget.IPA.1";2;1,059;1,015;68;5,8;8
"745";"X.PA";2;1,072;1,018;60;7,1;11
"746";"Smokin.Red";4;1,059;1,012;26;6,1;15
"747";"Hasty.IPA..Oktoberfest.2012.";2;1,061;1,015;59;6;10
"748";"TNT.s.Cascadian.Ale..2011.07.02.version.";2;1,065;1,016;43;6,4;7
"749";"Turtle.Rye.IPA";2;1,063;1,014;58;6,5;8
"750";"Dead.Ringer.IPA.3";2;1,067;1,017;55;6,6;7
"751";"Chewalla.IPA";2;1,067;1,018;40;6,4;8
"752";"Big.Smile.IPA";2;1,061;1,013;55;6,3;10
"753";"Dampfbier";1;1,051;1,01;14;5,3;5
"754";"La.Vie.Boheme";3;1,05;1,011;34;5;2
"755";"Rye.RA";2;1,064;1,015;58;6,5;13
"756";"Big.Smile.IPA.1";2;1,061;1,013;55;6,3;10
"757";"Ginger.Tart";4;1,049;1,013;18;4,7;11
"758";"Golden.Citra.Ale..Dedicated.to.Jim.and.Trish.";2;1,063;1,015;57;6,3;7
"759";"Hopbiscus";2;1,068;1,018;47;6,6;9
"760";"Dublin.Red";4;1,053;1,014;23;5,1;12
"761";"Columbus.IPA.2";2;1,068;1,018;68;6,6;6
"762";"Forrest.IPA";2;1,059;1,012;68;6,2;7
"763";"Rosy.Cheeks";2;1,072;1,01;62;8,1;11
"764";"Hefeweizen.1";1;1,049;1,012;12;4,8;2
"765";"That.Horse...Lager..";3;1,05;1,012;32;4,9;2
"766";"Feral.Hop.Hog.Clone";2;1,058;1,013;45;5,8;6
"767";"Black.IPA.1";2;1,063;1,016;69;6,2;11
"768";"Pilsner";3;1,044;1,011;25;4,3;2
"769";"Amarillo.Ale.with.Victory.Malt";2;1,065;1,016;65;6,4;8
"770";"Business.Time";2;1,068;1,017;59;6,7;12
"771";"Red.Doug";4;1,05;1,013;20;4,8;13
"772";"Captain‚..s.HofbrauÃ..Clone.II";3;1,049;1,012;36;4,8;3
"773";"Rapid.Fire.Wheat.Beer";1;1,044;1,011;11;4,3;3
"774";"Spring.2011.IPA";2;1,068;1,017;52;6,7;7
"775";"El.Hefe";1;1,052;1,013;14;5,1;2
"776";"Double.Cocked.Hefe";1;1,05;1,013;14;4,8;2
"777";"X.2.FuggleNugget.IPA";2;1,059;1,016;65;5,7;8
"778";"Big.Mistake.APA";2;1,064;1,014;60;6,5;12
"779";"En.liten.weissbier";1;1,047;1,011;12;4,8;2
"780";"Cascade.IPA.5";2;1,073;1,013;66;7,9;8
"781";"Explosive.IPA.Part.Deux";2;1,063;1,017;45;6;6
"782";"PentaBr√.l";2;1,063;1,013;60;6,6;11
"783";"Continuous.IPA";2;1,07;1,01;53;7,8;9
"784";"Danish.Lager";3;1,05;1,012;29;4,9;3
"785";"hoppy.hour.hero";2;1,058;1,015;55;5,6;11
"786";"junior.brown.IPA";2;1,07;1,017;49;6,9;12
"787";"Allen...Dave.s.Excellent.IPA";2;1,064;1,015;67;6,3;9
"788";"Infidel..2012.01.07.version.";2;1,067;1,016;57;6,7;9
"789";"smash";2;1,068;1,016;67;6,8;6
"790";"B2.IPA";2;1,068;1,017;49;6,7;7
"791";"Fast.red";4;1,044;1,012;27;4,2;13
"792";"Angelito¬.s.IPA.Cascade";2;1,071;1,01;52;7,9;10
"793";"Hop.to.conclusions";2;1,057;1,014;65;5,8;10
"794";"Batch.1...NIPA";2;1,057;1,013;53;5,7;7
"795";"IPA.w..Marris.Otter";2;1,074;1,018;51;7,3;14
"796";"Bear.With.Me.IPA";2;1,069;1,015;57;7;7
"797";"Weissbeier";1;1,05;1,013;13;4,9;3
"798";"Red.Mearle.Ale";4;1,055;1,014;25;5,4;14
"799";"One.Hot.Redhead";4;1,049;1,013;24;4,7;13
"800";"Dark.Side..Irish.Red.";4;1,044;1,012;21;4,2;17
"801";"Rakau.Single.Hop.IPA..Group.Project.";2;1,063;1,016;45;6,1;6
"802";"Heinekan.clone..adapted.from.Dave.Line.1978.";3;1,046;1,012;29;4,5;2
"803";"King.Brian.s.Poteen";4;1,05;1,012;28;5,1;11
"804";"BS5.IPA";2;1,061;1,014;47;6,1;8
"805";"X5.G.Citra";2;1,063;1,016;43;6,2;9
"806";"Pierian.Spring";1;1,052;1,013;10;5,1;3
"807";"Try.Try.Again";4;1,051;1,014;18;4,8;16
"808";"Juelstrup...Commonwealth.IPA.s";2;1,066;1,018;63;6,3;8
"809";"meh..zombies";2;1,066;1,016;58;6,6;7
"810";"X.Those.nutty.Pennocks..Ale";4;1,05;1,014;25;4,8;11
"811";"Pale.Mk..3";2;1,057;1,011;45;6;12
"812";"‡..‡...‡..‡..‡.≤.‡..‡..‡.≤‡..‡..";2;1,075;1,018;51;7,5;6
"813";"Alsea.IPA";2;1,06;1,014;62;6;7
"814";"X.B1..M..IPA";2;1,069;1,016;48;6,9;7
"815";"Weissbier..Spring.2011";1;1,051;1,012;12;5,1;6
"816";"Alpha.Ale.1.0";2;1,068;1,017;58;6,7;7
"817";"Firecracker.Spicy.IPA";2;1,064;1,017;47;6,2;8
"818";"German.Pilsner..2";3;1,046;1,013;31;4,3;3
"819";"TARDIS.IPA..Schlafly.TIPA.clone.";2;1,07;1,018;84;6,8;5
"820";"Deschutes.Fresh.Squeezed.IPA.Clone";2;1,066;1,01;52;7,4;10
"821";"Happy.Trails.Ale";2;1,066;1,017;61;6,5;20
"822";"X52..IPAIPAIPA";2;1,066;1,009;52;7,3;7
"823";"Citramazing.";2;1,074;1,018;68;7,3;7
"824";"Russian.River.s.Blind.Pig.Clone";2;1,075;1,018;81;7,5;8
"825";"Singularity.Brett.IPA";2;1,062;1,008;65;7,1;7
"826";"Wuyang.v2.0";2;1,062;1,016;53;6,1;4
"827";"Prima.Pils";3;1,055;1,013;52;5,6;2
"828";"simcyl.nelsyl..galaxy";2;1,067;1,016;72;6,7;6
"829";"X42.Gal.School.House.Pilsner";3;1,059;1,017;38;5,6;4
"830";"Half.Boards.IPA";2;1,066;1,01;77;7,4;6
"831";"Chief.Financial.Dog";2;1,061;1,016;28;5,9;3
"832";"Tipsy.Student...Nelson.IPA";2;1,05;1,007;120;5,7;8
"833";"august.hyppo";2;1,047;1,007;60;5,3;4
"834";"WCB.Apricot.IPA";2;1,058;1,015;77;5,6;7
"835";"LDA.Fly.West.IPA";2;1,055;1,008;81;6,1;6
"836";"Hop.in.the.Dark.IPA";2;1,076;1,023;78;7;29
"837";"Hubschrauber.Hefeweizen";1;1,081;1,021;14;7,9;4
"838";"Balduin.No.5";2;1,062;1,009;54;6,9;9
"839";"Red.Chair.NWPA.1";2;1,06;1,018;79;5,5;15
"840";"Simcoe.IPA.3";2;1,065;1,009;36;7,3;9
"841";"Smithwicks";4;1,067;1,017;25;6,5;13
"842";"Curupira";4;1,057;1,017;25;5,2;16
"843";"Junebug";2;1,076;1,023;75;6,9;8
"844";"Berndog.s.Juniper.IPA";2;1,084;1,025;75;7,7;8
"845";"Spring.Fling.Hefeweizen...5.gal";1;1,052;1,013;13;5,1;3
"846";"RJ3.Heifenweisen";1;1,055;1,014;12;5,4;4
"847";"Citra.Smash";2;1,058;1,008;51;6,5;2
"848";"Small.Black.Dog.IPA";2;1,049;1,007;51;5,5;44
"849";"Tropipolis";2;1,063;1,009;43;7,1;3
"850";"TIPA";2;1,061;1,015;51;6;4
"851";"County.cork.red.ale";4;1,047;1,014;25;4,3;17
"852";"northewest.indian.red.ale";2;1,071;1,022;55;6,4;12
"853";"Black.Citra.IPA";2;1,055;1,015;59;5,3;33
"854";"Perpetual.Clone";2;1,071;1,01;95;7,9;7
"855";"Me.So.Hoppy...24";2;1,062;1,018;103;5,6;5
"856";"Kitchen.Sink.IPA";2;1,064;1,014;91;6,6;10
"857";"Portland.Brew.001";2;1,062;1,019;47;5,7;10
"858";"Kallatorpet.IPA.2016.02.27";2;1,057;1,008;46;6,4;7
"859";"Hopnivore...27";2;1,074;1,019;116;7,3;5
"860";"Windy.City.Wheat..Anniversary.Edition.";1;1,054;1,014;14;5,3;3
"861";"Irish.Red.5";4;1,057;1,016;37;5,5;12
"862";"Pliny.The.Elder";2;1,07;1,016;200;7;8
"863";"Jeg.er.Egentlig.for.Tung.til.√..kunne.Fly.IPA";2;1,065;1,016;55;6,4;16
"864";"Hopsecutioner";2;1,066;1,01;67;7,4;8
"865";"Aleu.Brew.IPA";2;1,07;1,017;86;6,9;7
"866";"Sean.s.Secret.Summer.IPA";2;1,084;1,02;61;8,4;10
"867";"Mankato.Strawberry.II";2;1,071;1,018;120;7;7
"868";"CMF.IPA";2;1,063;1,016;109;6,2;15
"869";"Munic.SMASH..homebrewco.";2;1,065;1,016;54;6,5;47
"870";"The.Necropolis..Extract.Version.";2;1,064;1,02;69;5,8;8
"871";"Belgian.IPA.1";2;1,07;1,018;61;6,8;3
"872";"IPA.1.1";2;1,053;1,012;53;5,3;5
"873";"Probably.Mosaic.IPA";2;1,074;1,017;76;7,4;7
"874";"Northern.Brewer.Irish.Red.Ale.w..Specialty.Grains";4;1,044;1,01;30;4,5;12
"875";"Rhyzomatic.IPA";2;1,077;1,019;67;7,5;6
"876";"Cascadian.Dark.Ale";2;1,063;1,009;60;7,1;29
"877";"QH.Pils";3;1,052;1,013;23;5;2
"878";"Bear.Down.IPA";2;1,068;1,014;135;7,2;12
"879";"Bluejay.IPA..2012.08.01.version.";2;1,065;1,016;45;6,4;4
"880";"Christmas.IPA.1";2;1,056;1,008;49;6,3;6
"881";"X2015.Wet.IPA";2;1,068;1,016;69;6,8;3
"882";"Black.Citra.IPA.1";2;1,066;1,017;77;6,4;38
"883";"Jester.King.Wytchmaker.Clone..Ditto.";2;1,062;1,016;78;6,1;7
"884";"Figurehead.IPA";2;1,075;1,018;63;7,5;2
"885";"Flying.Tortoise..from.ratebeer.com.";2;1,068;1,016;80;6,8;7
"886";"T√.kete.Hvit.IPA";2;1,065;1,009;64;7,3;4
"887";"Simcoe.IPA.2";2;1,067;1,02;37;6,2;4
"888";"Lucy.in.the.Sky.with.Dankness..Modus.Hoperandi.Clone.";2;1,069;1,017;75;6,8;13
"889";"X.30.DIPA";2;1,083;1,025;201;7,6;8
"890";"Blackjack";2;1,068;1,016;67;6,7;31
"891";"Three.Fathoms";2;1,085;1,01;73;9,8;16
"892";"Black.Eye.Rye";2;1,077;1,015;46;8,1;32
"893";"Knights.of.Columbus.IPA";2;1,067;1,017;102;6,6;7
"894";"Inglewood.IPA..Culver.City.Homebrewing.";2;1,072;1,017;78;7,1;8
"895";"Citra.IPA.1";2;1,061;1,009;53;6,9;3
"896";"Fields.of.Black.N..Rye";2;1,063;1,013;66;6,6;25
"897";"Resolution.Rye.IPA";2;1,065;1,015;51;6,5;18
"898";"MLK.IPA";2;1,071;1,017;66;7,2;35
"899";"HITNOL";2;1,075;1,02;64;7,3;6
"900";"Victor.IPA.Collaberation";2;1,072;1,019;55;7;10
"901";"IPA..26A";2;1,072;1,015;69;7,5;6
"902";"Svartediket.Black.IPA.Clone..7.fjell.";2;1,066;1,015;71;6,6;19
"903";"Grandma.s.Grapefruit.IPA";2;1,069;1,017;49;6,8;5
"904";"Summer.Wheat";1;1,055;1,013;12;5,5;3
"905";"Brewers.Best.India.Pale.Ale";2;1,063;1,016;100;6,2;10
"906";"IPA.5";2;1,08;1,027;115;7;5
"907";"Redheaded.Irishman.in.Space.w..Jalapenos";4;1,07;1,02;98;6,5;16
"908";"Chinook.IPA.3";2;1,061;1,015;39;6;6
"909";"Impatient.IPA";2;1,077;1,023;63;7;11
"910";"DLK.OOH..Organic.IPA";2;1,067;1,01;65;7,5;8
"911";"Guy.petite.blonde";2;1,085;1,013;46;9,5;5
"912";"Luck.of.the.Fryrish";4;1,059;1,016;20;5,6;16
"913";"NOMS";1;1,056;1,015;18;5,4;5
"914";"Poppy.Remembrance";2;1,059;1,018;101;5,4;8
"915";"Punk.Afro.IPA";2;1,054;1,008;45;6,1;32
"916";"Deep.Depths.IPA";2;1,069;1,014;143;7,2;5
"917";"Simorial.IPA";2;1,05;1,011;60;5,1;7
"918";"ChaiPA";2;1,073;1,018;48;7,1;7
"919";"Dark.wheat";1;1,057;1,015;12;5,6;7
"920";"IPA.6";2;1,055;1,016;53;5;7
"921";"X039...Fast.Tug..on.a.card.from.LHBS.";2;1,077;1,02;91;7,4;10
"922";"IPA.7";2;1,076;1,018;51;7,6;10
"923";"Citra.Amarillo.ipa";2;1,066;1,018;65;6,3;10
"924";"Hefe.2";1;1,053;1,013;17;5,2;3
"925";"Juicy.IPA.1";2;1,066;1,018;53;6,3;3
"926";"Stone.IPA.Clone.1";2;1,075;1,019;73;7,3;4
"927";"Wuyang.IPA.1.1";2;1,062;1,015;58;6,1;4
"928";"Bull.Z.Bot.IPA.2";2;1,068;1,016;67;6,7;3
"929";"Big.Fish";2;1,079;1,019;74;7,9;10
"930";"Experiment.314.Grapefruit.Red.Ale";4;1,064;1,018;51;6;12
"931";"HIPAweizen";2;1,064;1,017;18;6,2;3
"932";"Clockwork";1;1,055;1,014;14;5,4;4
"933";"Bells.Almost.2.Hearted.Ale";2;1,064;1,016;60;6,3;5
"934";"Fine.Mountain.Black.IPA";2;1,066;1,016;48;6,6;31
"935";"Black.IPA.2";2;1,062;1,017;44;5,9;33
"936";"The.Centinal";2;1,073;1,015;117;7,6;5
"937";"Old.School.House.Pilsner";3;1,05;1,014;53;4,8;4
"938";"Wide.Eye.PA.by.David.West";2;1,066;1,016;77;6,5;5
"939";"SLO.Session.Ale";2;1,038;1,012;54;3,4;8
"940";"Marmalade.Skies";2;1,064;1,009;42;7,2;3
"941";"Can.t.Sett.er.Down";4;1,055;1,016;19;5,2;12
"942";"Galaxi.Citra.IPA";2;1,066;1,012;61;7,1;36
"943";"Sweetwater.IPA.clone..8.";2;1,062;1,009;61;7;6
"944";"Wholly.Citra";2;1,07;1,016;89;7;6
"945";"American.Apple.IPA";2;1,066;1,01;68;7,3;7
"946";"Hoppy.Red";4;1,078;1,022;25;7,3;13
"947";"Conway.s.Irish.Ale.Clone";4;1,062;1,017;22;5,8;12
"948";"All.Day.IPA.Clone";2;1,049;1,012;45;4,9;5
"949";"Amarillo.Single.Hop.IPA";2;1,08;1,02;58;7,9;4
"950";"Pliny.the.toddler.No.sparge";2;1,038;1,011;52;3,5;1
"951";"M.80.IPA.MoreBeer.Kit";2;1,072;1,019;73;6,9;5
"952";"HopBomb";2;1,061;1,013;48;6,4;5
"953";"Filter.Buster...Tropical.edition";2;1,076;1,016;42;7,8;3
"954";"IPA.8";2;1,059;1,016;81;5,6;7
"955";"Srobiles.Amarillus";2;1,075;1,018;67;7,6;5
"956";"Zombie.Dust.Partial.Mash.Clone";2;1,06;1,019;45;5,4;9
"957";"Black.IPA.v2.1";2;1,059;1,018;51;5,4;20
"958";"Midnight.Ryed.Clone";2;1,072;1,017;75;7,2;34
"959";"MONK.PARAKEET.REFUGE.IPA";2;1,056;1,014;73;5,5;6
"960";"X1st.Go..Nectar.Ale";2;1,052;1,012;146;5,2;10
"961";"West.Coast.Pale.Ale";2;1,058;1,014;63;5,8;9
"962";"Black.IPA..Northern.Brewer.";2;1,081;1,021;83;7,8;29
"963";"Ziggy.Spacedust.II";2;1,064;1,019;58;5,9;4
"964";"Vic.Secret.IPA";2;1,061;1,015;57;6,1;5
"965";"Summer.Shandy.1";1;1,051;1,012;13;5,1;3
"966";"All.Day.IPA.Clone.1";2;1,048;1,012;53;4,7;5
"967";"Mosaic.IPA";2;1,063;1,014;64;6,4;7
"968";"Fresh.Squeezed.1";2;1,06;1,012;67;6,2;9
"969";"Twin.Peaks.Kilt.Lifter";4;1,06;1,014;27;6;15
"970";"Valencia.Orange.Hefeweissen";1;1,044;1,011;12;4,3;4
"971";"Golden.Hop.Dam";2;1,068;1,018;59;6,6;14
"972";"The.Simsner";3;1,047;1,01;27;4,9;4
"973";"SN.Ruthless.Rye";2;1,067;1,012;50;7,2;13
"974";"Far.Darrig.Irish.Red.Ale";4;1,052;1,013;22;5,1;14
"975";"Amarillo.IPA";2;1,059;1,018;60;5,4;11
"976";"X.5.Brehm.House.IPA";2;1,064;1,017;57;6,2;11
"977";"Nirvana..2012_10_02.";2;1,064;1,017;69;6,2;9
"978";"Denny.Conn.s.RIPA";2;1,069;1,017;56;6,9;9
"979";"drink.your.wheaties...part.2";1;1,051;1,013;12;4,9;4
"980";"Winter.IPA.Dec.15";2;1,058;1,012;61;6;11
"981";"X.6.Single.Hop.Nelson.Sauvin";2;1,069;1,017;53;6,8;6
"982";"Dead.Ringer.IPA.4";2;1,064;1,013;55;6,8;6
"983";"Ranger.ish.Clone";2;1,058;1,013;69;6;10
"984";"NB.Permafrost.White.IPA";2;1,064;1,015;57;6,4;6
"985";"Indochina.Pale.Ale..Session.version.";2;1,062;1,017;60;5,9;12
"986";"Winton.Razi";1;1,048;1,011;13;4,8;3
"987";"X3cp2..1c";2;1,066;1,012;46;7,1;8
"988";"NORTHENDER.IPA.III";2;1,068;1,018;62;6,6;10
"989";"Racer.5.Clone";2;1,059;1,015;53;5,7;6
"990";"Krampus..Christmas.IPA.";2;1,067;1,013;69;7,2;8
"991";"Bridgeport.IPA.1";2;1,056;1,014;62;5,5;8
"992";"Hearts.Squared.v2";2;1,058;1,018;61;5,2;7
"993";"Aloysius.Amber.Rye..2012.08.05.version.";2;1,064;1,016;50;6,3;10
"994";"ST..PAUL.S.EASTER.REIZEN.WEIZEN";1;1,051;1,013;14;5;5
"995";"Pamplemousse.IPA.take.1";2;1,063;1,015;42;6,3;7
"996";"HIP.Ilaniwai.IPA";2;1,056;1,015;56;5,4;9
"997";"dead.ringer.ipa";2;1,072;1,018;61;7,1;10
"998";"Dogfish.Head.60.Minute.Clone";2;1,064;1,015;56;6,4;9
"999";"summer.hop";2;1,067;1,017;63;6,6;6
"1000";"German.Pilsner.4";3;1,046;1,012;31;4,5;4
"1001";"Red.Menace..MLK.day.edition";2;1,064;1,016;60;6,3;11
"1002";"American.IPA.4";2;1,069;1,017;53;6,7;9
"1003";"Delirium.s.Lost.IPA";2;1,062;1,016;60;6;15
"1004";"Bucketgame.Weiss";1;1,051;1,012;12;5,1;3
"1005";"Birthday.IPA";2;1,062;1,012;45;6,6;7
"1006";"EPA";2;1,06;1,016;61;5,8;14
"1007";"Richard.s.Hefeweizen";1;1,052;1,013;14;5,1;3
"1008";"Ranger.IPA.Extract.Clone";2;1,065;1,017;60;6,3;12
"1009";"Triple.G.IPA";2;1,057;1,015;68;5,5;9
"1010";"Inaugural.IPA";2;1,061;1,016;63;5,8;9
"1011";"Averagely.Perfect";2;1,062;1,014;59;6,4;7
"1012";"Grape.a.weizen";1;1,049;1,012;11;4,9;3
"1013";"Judas.IPA..Draft.";2;1,061;1,014;57;6,1;7
"1014";"Birthday.Brewday";2;1,058;1,015;60;5,6;11
"1015";"Munich.I.Two.Hearted";2;1,067;1,018;61;6,5;7
"1016";"Brewmeister.Lars..Hefeweizen";1;1,05;1,013;12;4,8;2
"1017";"Gibson.IPA";2;1,07;1,017;67;6,9;8
"1018";"Har√.y";4;1,056;1,011;26;5,9;16
"1019";"Molly.Beer";4;1,046;1,013;20;4,3;15
"1020";"Big.Orange.IPA";2;1,073;1,017;51;7,3;8
"1021";"Palilalia.IPA";2;1,059;1,015;44;5,8;14
"1022";"Heater.IPA";2;1,067;1,016;56;6,6;12
"1023";"Denny.s.Rye.IPA.1";2;1,065;1,018;59;6,3;10
"1024";"Pap.s.Pils.SMaSH";3;1,049;1,013;30;4,7;2
"1025";"Belgian.IPA.2";2;1,062;1,017;43;5,9;8
"1026";"MooBrew.Nugget.IPA.12.18.11";2;1,059;1,014;64;5,9;8
"1027";"R√.yslimoen.Rug.IPA.BB30";2;1,061;1,014;66;6,1;8
"1028";"X2016.Irish.Red.Ale";4;1,051;1,014;27;4,9;17
"1029";"Freya.Red";4;1,052;1,014;24;5;17
"1030";"SMaSH...Cascade...Vienna";2;1,069;1,016;57;6,9;7
"1031";"Training.wheels.IPA";2;1,06;1,014;54;6;11
"1032";"India.Street.Pale.Ale";2;1,066;1,015;68;6,8;9
"1033";"The.Force";2;1,056;1,017;62;5,2;10
"1034";"Hopster..Yooper.s.DFH.60.min.clone.";2;1,071;1,014;68;7,5;9
"1035";"Gemini.III";2;1,06;1,012;57;6,3;14
"1036";"X.5.Single.Hop.Chinook";2;1,069;1,017;67;6,8;6
"1037";"Summer.IPA";2;1,06;1,016;63;5,8;9
"1038";"Ditch.Pidgeon.IPA";2;1,057;1,014;66;5,6;6
"1039";"Hot.Mellon";2;1,064;1,014;59;6,5;7
"1040";"Husband.and.Weiss";1;1,051;1,013;11;5;4
"1041";"X.114.Clone..2011.06.22.version.";2;1,068;1,017;64;6,7;9
"1042";"IPA.Hop.Experiment.Simcoe";2;1,059;1,014;48;5,9;7
"1043";"First.IPA";2;1,065;1,017;48;6,2;6
"1044";"Penguin.Tamer.IPA";2;1,058;1,014;48;5,8;8
"1045";"Arbor.Harvest.Ale";2;1,065;1,012;52;6,9;6
"1046";"X60.Minute.II";2;1,068;1,016;55;6,8;9
"1047";"Little.Ring.India.Pale.Ale";2;1,071;1,017;63;7,1;7
"1048";"Citra20";2;1,058;1,013;59;6;9
"1049";"Wild.Granny.IPA";2;1,063;1,016;65;6,2;11
"1050";"IPA.test..Chinook";2;1,064;1,014;54;6,6;9
"1051";"X.19.Kaptein.Kaos";2;1,058;1,012;68;6;8
"1052";"Neptune.s.Wrath";2;1,072;1,017;53;7,2;10
"1053";"Harold.s.Heffeweizen";1;1,05;1,014;8;4,8;3
"1054";"Hansen.Blend.IPA";2;1,064;1,013;67;6,7;6
"1055";"IPA.test..Challenger";2;1,064;1,014;45;6,6;9
"1056";"Dreaming.of.IPA";2;1,062;1,016;55;6;9
"1057";"AIPA";2;1,064;1,014;61;6,6;12
"1058";"Thegarden.Pilsner";3;1,05;1,011;29;5;3
"1059";"India.Wit.Ale..Group.Brew.";2;1,065;1,016;47;6,4;9
"1060";"Annoying.Sears.Salesman..A.S.S...IPA";2;1,066;1,017;63;6,4;8
"1061";"IPA.3";2;1,068;1,017;66;6,6;14
"1062";"Special.Oak.Amber.Ale";2;1,065;1,012;44;7;14
"1063";"Orangutan";2;1,068;1,017;69;6,7;12
"1064";"Hefeweizen.trial.1";1;1,046;1,011;15;4,5;3
"1065";"Mr..Wobly.IPA..2011.08.9.version.";2;1,068;1,018;65;6,6;11
"1066";"The.Hef";1;1,046;1,012;13;4,5;3
"1067";"Hopsicle.White.IPA";2;1,071;1,016;51;7,3;6
"1068";"Citra.IPA.2";2;1,071;1,017;45;7,1;6
"1069";"In.Your.EyePA";2;1,059;1,015;59;5,8;10
"1070";"Dead.Ringer.Full.Boil";2;1,069;1,01;55;7,7;9
"1071";"Oatmeal.IPA.plus.simcoe";2;1,066;1,016;65;6,6;6
"1072";"Goodale.IPA";2;1,069;1,017;58;6,8;12
"1073";"Grain.Clean.Up";4;1,046;1,014;22;4,2;17
"1074";"Rico.s.Switch.Hefe..Miami.Weisse..Gab.s.Bday.Beer";1;1,051;1,013;13;5;4
"1075";"South.Street.IPA";2;1,068;1,018;63;6,6;6
"1076";"Pilsner.1.0";3;1,046;1,012;25;4,5;3
"1077";"Hagges.40.√.rs.krise.IPA";2;1,058;1,015;48;5,7;7
"1078";"Citra.IPA.3";2;1,066;1,016;48;6,7;9
"1079";"Recipe.created.2012.12.01.at.20.29.40.UTC";2;1,057;1,015;50;5,5;7
"1080";"Temnor.Weizen";1;1,051;1,013;9;5;3
"1081";"F.Bomb";3;1,048;1,012;28;4,8;4
"1082";"Another.IPA";2;1,067;1,016;51;6,7;9
"1083";"Mango.Lemongrass.IPA";2;1,072;1,01;52;8;9
"1084";"First.try";2;1,065;1,016;63;6,4;10
"1085";"Summer.PIPA";2;1,069;1,016;42;6,9;7
"1086";"Virgin.IPA";2;1,061;1,015;64;6;8
"1087";"Ska.Modus.Hoperandi";2;1,067;1,017;67;6,6;12
"1088";"Hop.Snob.IPA";2;1,07;1,017;49;6,9;9
"1089";"Deutsches.Pilsener";3;1,049;1,012;36;4,8;3
"1090";"X.Merica.IPA";2;1,065;1,015;69;6,5;10
"1091";"Brrr.clone";2;1,067;1,018;56;6,4;13
"1092";"Oh.my.damn..IPA";2;1,071;1,018;55;7;7
"1093";"X.8.Weizen.II";1;1,052;1,013;11;5,1;4
"1094";"Joppin..Jalapeno";2;1,067;1,017;61;6,5;10
"1095";"Weihenstephan.s.Better.Looking.Brother";1;1,05;1,013;12;4,9;4
"1096";"Greek.Hop.Freak..2011.03.02.version.";2;1,066;1,018;67;6,3;8
"1097";"X.9.SoBoRo.IPA";2;1,071;1,016;62;7,2;7
"1098";"Suds..Bee.So.Honey.IPA";2;1,067;1,017;57;6,5;6
"1099";"Hoppy.Fat.Tire";2;1,059;1,016;54;5,6;8
"1100";"Goodbye.Auckland";2;1,064;1,015;57;6,4;11
"1101";"X.quot.Aussie.quot..Hop.Beer";2;1,064;1,017;66;6,2;8
"1102";"Fruit.Nuke";2;1,066;1,015;57;6,6;8
"1103";"Brewers.Best.PSA.IPA";2;1,062;1,017;53;6;7
"1104";"SMaSH...Galaxy";2;1,066;1,015;61;6,6;8
"1105";"Centennial.IPA.1";2;1,068;1,016;47;6,8;7
"1106";"HiLarryous..1";2;1,063;1,018;48;5,9;9
"1107";"Session.IPA.1";2;1,064;1,015;41;6,4;7
"1108";"space.dust.inspired";2;1,071;1,017;63;7,1;6
"1109";"Celebration..20101230.";2;1,065;1,016;61;6,4;12
"1110";"X2011.Irish.American.Red";4;1,045;1,012;23;4,3;11
"1111";"This.ale.hopped.in.a.bottle...";2;1,056;1,015;69;5,4;11
"1112";"Nugget.Munich.IPA";2;1,06;1,014;57;6;8
"1113";"wei.zo.serious...smoked.";1;1,049;1,012;15;4,8;3
"1114";"Bell.s.Two.Hearted.Clone.1";2;1,063;1,016;47;6,2;6
"1115";"Mrs..Ryan.s.Hefeweizen";1;1,052;1,013;13;5;4
"1116";"Resurrection.Ale";1;1,052;1,013;14;5,1;3
"1117";"Big.Red.IPA";2;1,06;1,016;57;5,8;14
"1118";"Brewday.IPA";2;1,07;1,01;66;7,8;10
"1119";"NBA.SMASH...Briess.Special.Roast";2;1,064;1,017;48;6,2;9
"1120";"Pale.Wolf";2;1,067;1,016;65;6,7;11
"1121";"Newcastle.IPA.Citra";2;1,066;1,016;70;6,6;7
"1122";"Fresh.Squeezed.IPA..inspired.by.Deschutes.";2;1,067;1,016;58;6,7;8
"1123";"Smooth.Groove.APA..a.great.end.for.those.days.with.alot.going.on.";2;1,058;1,016;69;5,5;8
"1124";"Strawberry.Wheat.1";1;1,048;1,012;14;4,8;3
"1125";"First.Try.IPA";2;1,058;1,012;64;6,1;14
"1126";"Mango.Madness..2";2;1,057;1,015;49;5,5;8
"1127";"El.Hefe.2.0";1;1,052;1,013;14;5;3
"1128";"Wei.Not.Weizen";1;1,051;1,014;13;4,8;3
"1129";"Jamil.s.Evil.Twin";2;1,068;1,017;47;6,7;15
"1130";"Cucamonga.Peak.IPA";2;1,063;1,015;55;6,3;6
"1131";"Gose.nummer.1";1;1,046;1,012;10;4,5;3
"1132";"Square.Knot";2;1,068;1,017;41;6,7;10
"1133";"Earl.Bender.Ale..9";2;1,065;1,017;54;6,2;11
"1134";"Beast.of.the.East";2;1,072;1,016;68;7,4;6
"1135";"Jamil.s.Evil.Twin.1";2;1,068;1,017;47;6,7;15
"1136";"Brygg..6.Weizen.3333";1;1,046;1,012;12;4,5;3
"1137";"X20.minute.American.IPA";2;1,06;1,016;56;5,8;14
"1138";"Space.Cowboy.II";2;1,066;1,018;62;6,3;8
"1139";"RB.s.Amarillo.IPA";2;1,068;1,017;50;6,7;11
"1140";"Wild.IPA.SH.NS";2;1,069;1,016;56;7;8
"1141";"Overdrive.Ale";2;1,066;1,018;61;6,3;7
"1142";"SN.Celebration.Ale.Clone";2;1,069;1,01;65;7,7;12
"1143";"X08M.Thrown.Together.IPA";2;1,063;1,016;60;6,2;10
"1144";"Untitled.Weizen.Weissbier.149086";1;1,048;1,012;14;4,6;4
"1145";"Solar.Flare.APA";2;1,057;1,015;62;5,5;6
"1146";"The.Wife.Beer";2;1,059;1,016;68;5,7;11
"1147";"Hefeweizen.2";1;1,05;1,013;12;4,8;2
"1148";"Citrusipa";2;1,058;1,012;52;6;7
"1149";"Commissioner.Gordon";2;1,067;1,017;46;6,6;9
"1150";"Hoppily.Ever.After.Pale.Ale";2;1,056;1,014;57;5,5;6
"1151";"Willy.Nilly";2;1,065;1,018;58;6,2;6
"1152";"Summit.IPA";2;1,06;1,014;57;6;14
"1153";"Special.for.Crawfish.boil";2;1,057;1,015;49;5,5;6
"1154";"Mike.s.5th.Anniversary.IPA";2;1,067;1,016;56;6,7;6
"1155";"IPA.VI";2;1,069;1,017;56;6,8;9
"1156";"Resurrection.Red";4;1,045;1,011;26;4,5;12
"1157";"MC.2.IPA..Magnum..Cascade..Citra.";2;1,061;1,015;56;6,1;12
"1158";"IPA.9";2;1,057;1,013;59;5,8;7
"1159";"Cascade.IPA.6";2;1,071;1,018;61;7;7
"1160";"All.Amarillo.IPA";2;1,063;1,015;66;6,4;11
"1161";"Deadhead.IPA";2;1,072;1,015;56;7,5;14
"1162";"Alpha.Wolf.Rye.IPA";2;1,062;1,015;65;6,2;9
"1163";"Honey.Wheat";1;1,046;1,011;9;4,5;7
"1164";"The.Ipa";2;1,069;1,014;69;7,2;6
"1165";"Le.Magic.Weizen";1;1,05;1,013;14;4,9;3
"1166";"Belgian.Rye.IPA";2;1,07;1,017;65;6,9;12
"1167";"X174th...Interurban.IPA.10.12.14";2;1,057;1,013;58;5,8;7
"1168";"IPA.test..Cascade";2;1,064;1,014;44;6,6;9
"1169";"Deutschamerikaner.Wheat";1;1,052;1,013;14;5,1;4
"1170";"Irish.Migrant...Fresh.Off.the.Boat...Fresh.Hopped.Irish.Red.";4;1,047;1,013;25;4,4;13
"1171";"Maddox.Fish.IPA";2;1,069;1,016;61;7;10
"1172";"Fall.2015.IPA";2;1,07;1,016;52;7;13
"1173";"My.Bell.s.Two.Hearted.Clone..2010.06.21.version...alt.";2;1,063;1,017;66;6;7
"1174";"Dank.Amber";2;1,071;1,018;64;7;14
"1175";"Windbuche.Weissen";1;1,05;1,012;9;5;8
"1176";"Schiller.s.IPA";2;1,057;1,014;50;5,6;9
"1177";"Farmstead.Coffee.Porter";1;1,051;1,014;12;4,9;3
"1178";"Untitled.American.IPA.153428";2;1,06;1,015;55;5,9;11
"1179";"My.Grolsch";3;1,05;1,012;28;4,9;4
"1180";"Sunny.day.IPA";2;1,065;1,015;65;6,5;11
"1181";"Citrus.weizen";1;1,051;1,013;13;5;3
"1182";"CCCP";2;1,067;1,017;63;6,6;15
"1183";"Weissbier.Attempt..1";1;1,052;1,013;13;5,1;3
"1184";"Red.Alert";4;1,047;1,011;26;4,6;12
"1185";"MIPA";2;1,062;1,01;55;6,7;7
"1186";"Centennial.IPA.2";2;1,069;1,016;69;7;9
"1187";"Hoptopolis";2;1,071;1,017;56;7,1;12
"1188";"Munich.Simcoe.SMaSH";2;1,057;1,014;46;5,6;9
"1189";"AHS.Greenbelt.IPA";2;1,07;1,018;56;6,8;10
"1190";"yea";2;1,067;1,017;61;6,5;12
"1191";"Neighbor.IPA";2;1,063;1,017;56;6,1;13
"1192";"IPA.Project...Northern.Brewer";2;1,061;1,016;50;5,9;9
"1193";"mind.over.manners";2;1,073;1,015;48;7,6;8
"1194";"Dead.Ringer";2;1,069;1,017;64;6,8;9
"1195";"PILS..Hallertau.";3;1,048;1,01;37;4,9;3
"1196";"Willie.s.Triple.Six.2012";4;1,053;1,014;20;5,1;18
"1197";"Village.Idiot";2;1,067;1,018;57;6,4;6
"1198";"Galaxy.Lager";2;1,06;1,016;49;5,7;6
"1199";"SimAmo.Ale";2;1,073;1,018;57;7,2;6
"1200";"Copernicus.Red.Ale";2;1,062;1,014;52;6,2;15
"1201";"TNT.s.Centennial.Ale";2;1,064;1,017;61;6,2;7
"1202";"AleTron";2;1,066;1,014;55;6,8;8
"1203";"Ron.s.IPA..all.grain.";2;1,068;1,018;70;6,6;8
"1204";"Match.Red";4;1,056;1,013;22;5,6;17
"1205";"Amarillo.IPA.1";2;1,066;1,017;68;6,4;13
"1206";"DanK.IPA.V";2;1,065;1,016;52;6,4;6
"1207";"Centennial.IPA.II";2;1,057;1,015;49;5,5;9
"1208";"Hoppiness.is.an.IPA";2;1,074;1,017;49;7,4;6
"1209";"Ingrid.s.Brew";1;1,048;1,013;12;4,6;3
"1210";"Grapefruit.IPA.2";2;1,072;1,016;62;7,4;6
"1211";"Camosack.IPA";2;1,068;1,017;64;6,6;6
"1212";"First.Red.Ale.Try";4;1,047;1,011;26;4,8;11
"1213";"X.5.Mosaic.IPA";2;1,069;1,01;57;7,7;9
"1214";"Cascade.IPA.7";2;1,066;1,018;57;6,3;11
"1215";"SMASH.2013";1;1,052;1,013;9;5,1;4
"1216";"potential.ipa";2;1,059;1,014;68;5,9;9
"1217";"McNulty.Hefe";1;1,045;1,012;12;4,4;3
"1218";"CSB.Western.Hemisphere.Ale";2;1,071;1,018;67;7;11
"1219";"Test.IPA";2;1,063;1,012;54;6,6;7
"1220";"Evil.Twin";2;1,071;1,018;48;6,9;15
"1221";"All.Grain.IPA...California.Ale.Yeast";2;1,071;1,017;65;7,1;12
"1222";"Blackberry.Red.Ale";4;1,052;1,013;22;5,1;14
"1223";"Belgian.IPA.3";2;1,066;1,016;53;6,5;7
"1224";"ATK.IPA";2;1,069;1,017;69;6,8;8
"1225";"Steve.s.Pale.Ale";2;1,065;1,012;62;6,9;9
"1226";"San.Gabriel.IPA";2;1,061;1,014;62;6,2;12
"1227";"Untitled.American.IPA";2;1,065;1,016;49;6,4;14
"1228";"Chinook.IPA.4";2;1,064;1,018;54;6;7
"1229";"Mad.Dog.IPA";2;1,069;1,017;69;6,8;8
"1230";"Carapils.liberty.ale";2;1,068;1,018;61;6,6;8
"1231";"Limon.Heffe";1;1,052;1,011;11;5,3;3
"1232";"Pioneer.Ale";2;1,072;1,017;65;7,2;12
"1233";"Lemon.SamuraIPA";2;1,057;1,014;69;5,6;6
"1234";"Kiwi.Express.1";2;1,06;1,013;65;6,1;6
"1235";"Late.Summer.IPA";2;1,071;1,01;63;7,9;12
"1236";"Primhovda.Hefeweizen";1;1,049;1,013;12;4,7;2
"1237";"Mad.Dog.IPA.1";2;1,069;1,017;69;6,8;8
"1238";"Ahtanum.Simcoe.IPA";2;1,064;1,017;62;6,2;8
"1239";"Flying.Dog.Raging.Bitch.Inspired";2;1,058;1,015;49;5,6;10
"1240";"DanK.IPA.the.13th";2;1,063;1,013;62;6,6;7
"1241";"Dr.Ropata.s.Pale.Ale";2;1,059;1,018;60;5,4;7
"1242";"Indy.Pale.Ale";2;1,058;1,016;67;5,5;7
"1243";"Adirondack.Chair.IPA";2;1,059;1,012;57;6,1;9
"1244";"Let.s.Get.Small...Amarillo";2;1,062;1,015;66;6,2;6
"1245";"iPA.One.Point.Oh";2;1,067;1,017;49;6,6;7
"1246";"Rye.American.IPA";2;1,062;1,012;52;6,6;6
"1247";"B√.rs.H√.kan.Real.APA";2;1,075;1,01;61;8,4;9
"1248";"Hop.Hog.Clone";2;1,066;1,012;66;7;7
"1249";"BE.Hop.Venom";2;1,073;1,011;61;8,2;8
"1250";"Canadian.IPA";2;1,063;1,016;67;6,2;8
"1251";"Combat.Hopkido.IPA";2;1,066;1,017;57;6,5;8
"1252";"BMW.Wheat";1;1,051;1,013;14;5;4
"1253";"Wife.weizen..W1.";1;1,052;1,013;13;5,1;3
"1254";"Bearded.Nebula.IPA";2;1,062;1,017;69;5,9;7
"1255";"Weizen";1;1,051;1,013;13;5;2
"1256";"IRA";4;1,05;1,014;24;4,8;16
"1257";"Pat.s.IPA";2;1,067;1,017;64;6,6;8
"1258";"Dat.stressy.AIPA";2;1,062;1,015;69;6,2;7
"1259";"Last.Minute.IPA";2;1,069;1,017;66;6,8;8
"1260";"Why.PA";2;1,067;1,013;58;7;6
"1261";"West.Coast.Blaster";2;1,066;1,016;50;6,4;7
"1262";"Little.Puff.Smoked.IPA";2;1,068;1,017;70;6,7;6
"1263";"Blueberry.Hefe";1;1,044;1,011;12;4,3;3
"1264";"X2..Feayor";3;1,048;1,012;36;4,7;5
"1265";"Hop.Solo..Mosaic.Single.Hop.IPA.";2;1,061;1,014;62;6,2;10
"1266";"CBS.American.IPA";2;1,059;1,014;53;5,9;10
"1267";"Bell.s.Two.Hearted.all.grain";2;1,058;1,014;61;5,8;7
"1268";"Honey.Rye.IPA";2;1,066;1,017;54;6,4;10
"1269";"Belgian.IPA..10g.";2;1,066;1,016;52;6,6;7
"1270";"English.Amber.Ale";4;1,05;1,013;20;4,7;11
"1271";"CH.IPA.4...Mod.6";2;1,066;1,016;48;6,5;11
"1272";"Sierra.Madre";2;1,056;1,013;56;5,6;8
"1273";"Downtown.IPA..2";2;1,059;1,015;67;5,8;10
"1274";"Gnarly.IPA";2;1,068;1,016;52;6,8;8
"1275";"Mrod.IPA";2;1,06;1,016;55;5,7;11
"1276";"OtPA";2;1,069;1,017;49;6,7;12
"1277";"Riki.Tiki.Simcoe.IPA";2;1,06;1,016;62;5,8;8
"1278";"Osama.IPA";2;1,059;1,014;63;5,9;9
"1279";"West.Coast.Style.IPA";2;1,061;1,016;47;5,9;7
"1280";"Chinook.Citra.IPA...Lower.OG";2;1,061;1,012;50;6,5;8
"1281";"Beauty.and.the.Yeast";1;1,051;1,013;12;5;3
"1282";"LagerWanker";3;1,05;1,011;38;5;3
"1283";"Quadruple.J.Red.IPA";2;1,063;1,015;40;6,3;15
"1284";"Cascade.Citra.IPA..2013.04.06.";2;1,062;1,015;64;6,2;11
"1285";"Irish.Red.Ale..2";4;1,055;1,014;20;5,4;17
"1286";"Shadow.IPA";2;1,064;1,017;68;6,1;14
"1287";"Grapefruit.Summer.IPA";2;1,065;1,017;58;6,3;7
"1288";"Dawg.Weiss";1;1,048;1,013;12;4,5;6
"1289";"IPA.10";2;1,071;1,018;56;6,9;9
"1290";"Pinto.IPA";2;1,066;1,017;64;6,4;8
"1291";"Mrs.Velkyal.s.Session.Beer";4;1,048;1,014;20;4,5;15
"1292";"K.s.Mystery.Mix.IPA";2;1,058;1,015;43;5,7;6
"1293";"Hell.of.a.Day.IPA";2;1,065;1,014;63;6,7;9
"1294";"Shiva.Kitty";2;1,059;1,015;51;5,8;8
"1295";"The..C..Word.IPA";2;1,073;1,015;63;7,6;12
"1296";"Hoppy.Hour";2;1,07;1,018;62;6,8;14
"1297";"Snuggles.Hefe.V2..2010.08.06.version.";1;1,048;1,011;11;4,8;5
"1298";"Karnowski";2;1,065;1,016;50;6,4;6
"1299";"Belma.SMaSH";2;1,058;1,014;68;5,8;6
"1300";"Rupert.IPA";2;1,072;1,017;52;7,1;13
"1301";"Hefeweizen.I";1;1,052;1,012;11;5,2;3
"1302";"Mosaic.IPA.1";2;1,06;1,013;58;6,1;10
"1303";"Cloud.9.IPA";2;1,063;1,018;44;5,9;9
"1304";"O..My.Soul";2;1,07;1,016;67;7;8
"1305";"Misfit.Love";4;1,052;1,012;24;5,2;16
"1306";"Double.IPL";2;1,07;1,017;55;6,8;9
"1307";"Rye.Centennial.IPA";2;1,07;1,017;59;6,9;8
"1308";"Untitled.Irish.Red.Ale.153716";4;1,045;1,012;21;4,3;14
"1309";"wastafeson";1;1,052;1,013;10;5,1;2
"1310";"El.Hefe.1";1;1,051;1,012;13;5,1;7
"1311";"Ruby.Mosaic";2;1,063;1,016;50;6,1;6
"1312";"Bee.Cave.Hefeweizen";1;1,051;1,013;12;4,9;3
"1313";"Bells.Two.Hearted";2;1,067;1,013;46;7;6
"1314";"Bells.Two.Hearted.Galaxy.DH";2;1,067;1,013;46;7;6
"1315";"Eidelweiss..BBS.";1;1,051;1,013;13;5;5
"1316";"An.American.IPA.in.London";2;1,068;1,017;65;6,6;9
"1317";"X.114.Clone";2;1,068;1,017;64;6,7;9
"1318";"Watermelon.Weizenbier";1;1,049;1,013;11;4,8;3
"1319";"Deep.Red.Ale";2;1,056;1,013;44;5,6;11
"1320";"Spapoop.IPA";2;1,068;1,018;57;6,6;8
"1321";"Northern.Brewer.Dead.Ringer.IPA.1";2;1,064;1,015;56;6,4;8
"1322";"Citraholic";2;1,061;1,016;61;6;7
"1323";"Em.s.WIPA";2;1,066;1,015;48;6,7;7
"1324";"Hopricot.IPA";2;1,069;1,017;58;6,8;10
"1325";"Mango.Madness.Pale.Ale";2;1,058;1,016;55;5,5;8
"1326";"Mama.K.IPA";2;1,069;1,017;61;6,8;10
"1327";"Mad.Tom.IPA.Clone";2;1,069;1,017;60;6,8;9
"1328";"Munich.IPA";2;1,056;1,014;57;5,5;8
"1329";"RyePuh.";2;1,064;1,016;51;6,3;8
"1330";"Father.s.Day.Ipa.II";2;1,068;1,017;66;6,7;7
"1331";"Christmas.IPA...Lighter";2;1,065;1,015;46;6,5;7
"1332";"Mango.Chipotle.IPA";2;1,071;1,017;41;7,1;6
"1333";"Single.Hop..Pearle.";2;1,066;1,017;52;6,4;7
"1334";"Blue.IPA";2;1,061;1,015;58;6;6
"1335";"Mystery.Manor.Pale.Ale";2;1,058;1,016;46;5,5;7
"1336";"Spring.Weizen";1;1,052;1,014;13;4,9;3
"1337";"Founders.300esq";2;1,066;1,017;68;6,4;6
"1338";"Manini.IPA";2;1,069;1,014;69;7,2;6
"1339";"Dead.Ringer.1";2;1,064;1,017;58;6,2;8
"1340";"Longleaf.Hefe";1;1,047;1,011;9;4,7;6
"1341";"Columbus.IPA.3";2;1,067;1,017;55;6,6;8
"1342";"Immortal.Clone";2;1,066;1,017;48;6,4;8
"1343";"Dog.Day.IPA";2;1,062;1,016;66;6,1;8
"1344";"Standard.Hefe";1;1,052;1,013;9;5;4
"1345";"Conan.the.IPA";2;1,067;1,017;68;6,6;6
"1346";"Simple.IPA";2;1,07;1,018;60;6,9;9
"1347";"Snuggles.Hefe.V2";1;1,048;1,012;11;4,7;5
"1348";"Order.60.Six";2;1,057;1,014;60;5,6;9
"1349";"Greenbelt.IPA";2;1,073;1,017;66;7,2;9
"1350";"HefeWheat";1;1,045;1,011;13;4,4;4
"1351";"Falconer.s.flight.IPA";2;1,068;1,017;58;6,7;7
"1352";"IRA.1";2;1,06;1,018;60;5,5;14
"1353";"Single.Hop.Rakau.IPA.Test.2";2;1,071;1,014;62;7,4;10
"1354";"Vermont.Hill...IPA";2;1,07;1,014;66;7,3;7
"1355";"Deadringer.IPA..NB.Kit.";2;1,064;1,013;59;6,6;9
"1356";"Averagely.Perfect.American.IPA";2;1,064;1,017;61;6,1;7
"1357";"Tubby.s.IPA..2012.02.20.version.";2;1,068;1,015;65;6,9;6
"1358";"First.electric.ryepa";2;1,059;1,015;52;5,8;9
"1359";"Punch.You.in.the.IPA";2;1,065;1,013;48;6,8;7
"1360";"UBrew.APA";2;1,056;1,011;51;5,9;9
"1361";"Raspberry.Wheat";1;1,05;1,012;10;5;3
"1362";"First.Pilsner";3;1,05;1,013;25;4,9;2
"1363";"OEA";2;1,057;1,014;45;5,6;7
"1364";"Equinox.Simcoe";2;1,071;1,014;70;7,4;8
"1365";"Fiesta.Ale";2;1,072;1,017;60;7,2;11
"1366";"Fogu";2;1,066;1,018;48;6,3;10
"1367";"X.029..Red.Beard.McBrewinagin";4;1,052;1,014;21;4,9;15
"1368";"Hammerface.IPA";2;1,068;1,016;61;6,8;7
"1369";"TOTAL.BS.IPA";2;1,063;1,016;54;6,2;6
"1370";"RyRyePA";2;1,069;1,017;51;6,8;11
"1371";"TNT.IPA";2;1,065;1,017;65;6,3;8
"1372";"Apthorp.Ale";2;1,063;1,016;44;6,2;9
"1373";"Heavy.Rye";2;1,065;1,012;46;7;11
"1374";"Older.Not.Weisser";1;1,05;1,013;14;4,9;2
"1375";"Appa.s.IPA";2;1,073;1,011;69;8,2;8
"1376";"Forty.Five.Minutes";2;1,058;1,017;69;5,3;9
"1377";"Ska.Loose.Interpretation";2;1,074;1,017;66;7,4;8
"1378";"My.First.beer";3;1,045;1,011;27;4,5;4
"1379";"Formiga.American.IPA...metric";2;1,071;1,018;55;7;7
"1380";"Study.In.Victory..1";2;1,066;1,016;53;6,5;9
"1381";"Victory.Brew";2;1,067;1,018;56;6,4;9
"1382";"SMash..Honey.malt";2;1,065;1,018;48;6,3;7
"1383";"Nugget.light";2;1,062;1,015;45;6,1;6
"1384";"Sierra.Nevada.Celebration";2;1,061;1,015;64;6;10
"1385";"Kitchen.Sink.Hop.and.Rye";2;1,07;1,014;51;7,3;12
"1386";"Lord.Kelvin.IPA";2;1,059;1,015;47;5,8;14
"1387";"Irish.Immigrant.Red.Ale";4;1,052;1,014;25;5;10
"1388";"Elgin.IPA";2;1,066;1,016;59;6,5;8
"1389";"chinook.ipa";2;1,065;1,016;66;6,4;9
"1390";"Fresh.Squeezed.V2";2;1,06;1,014;56;6,1;6
"1391";"Bell.s.Two.Hearted.Clone..2.Gallon.BIAB.";2;1,064;1,015;56;6,4;8
"1392";"Sierra.Nevada.Style.IPA";2;1,065;1,016;68;6,4;7
"1393";"B.E.E.R";2;1,065;1,013;57;6,8;6
"1394";"Lagunitas.IPA.Style";2;1,059;1,018;59;5,4;7
"1395";"IPA.1.0";2;1,067;1,017;56;6,5;11
"1396";"BRP010.standard.red.ale";4;1,056;1,013;25;5,6;12
"1397";"X68CitraIPA";2;1,072;1,01;64;8,1;13
"1398";"whamber";2;1,063;1,015;51;6,3;11
"1399";"CIPA";2;1,068;1,016;62;6,8;14
"1400";"Fruit.Bomb.IPA";2;1,067;1,016;58;6,7;9
"1401";"ABC.Brewing...Hop.Sanatorium";2;1,061;1,014;55;6,1;7
"1402";"Nelson.IPA";2;1,065;1,016;48;6,4;7
"1403";"J.B.IPA..Extract.";2;1,063;1,016;67;6,1;12
"1404";"Nye.P.Eh";2;1,067;1,018;46;6,4;9
"1405";"Ipana";2;1,058;1,013;51;5,9;6
"1406";"Ranting.Ricky.s.Rye";2;1,063;1,016;58;6,1;7
"1407";"Rain.Delay.v2";2;1,065;1,013;45;6,8;7
"1408";"Hefe.3";3;1,046;1,011;26;4,5;4
"1409";"Warrior.Single.Hop";2;1,061;1,016;59;5,9;10
"1410";"PEAK.IPA.CLONE..2011.11.23.version.";2;1,064;1,017;58;6,2;9
"1411";"Dead.Ringer.by.Frostbrewer";2;1,068;1,017;66;6,7;10
"1412";"All.Grain.Hefe";1;1,048;1,012;13;4,7;4
"1413";"Revolutionary.Rebel.IPA";2;1,066;1,018;47;6,3;6
"1414";"Franklin.IPA.2.0";2;1,061;1,016;53;5,8;7
"1415";"Summer.Hefe";1;1,05;1,012;14;4,9;4
"1416";"Ruthless.Aye";2;1,064;1,013;53;6,7;11
"1417";"O.Leary.s.Cow";4;1,05;1,014;27;4,7;13
"1418";"Hefe.pils";1;1,046;1,012;13;4,6;5
"1419";"Better.than.Oscar.IPA";2;1,072;1,018;70;7,1;9
"1420";"GOLDEN.WEIZEN";1;1,048;1,013;11;4,7;4
"1421";"Mighty.Orange.IPA.2012.10.11";2;1,056;1,015;69;5,4;9
"1422";"Weiss.Weiss.Baby";1;1,047;1,012;12;4,7;3
"1423";"X3.11.IPA";2;1,065;1,018;66;6,2;7
"1424";"Odds.and.Ends.IPA";2;1,071;1,01;56;7,9;11
"1425";"Oktoberfest.IPA";2;1,069;1,017;62;6,8;11
"1426";"Sierra.Nevada.Celebration.Clone";2;1,063;1,017;66;6;9
"1427";"Amarillo.Simco.Lagunitas.Yeast.IPA";2;1,061;1,015;57;6;6
"1428";"wei.zo.serious.";1;1,051;1,013;15;5;3
"1429";"Midwest.Irish.Red.Kit";4;1,048;1,012;19;4,7;9
"1430";"Belma.WIPA";2;1,056;1,014;54;5,5;7
"1431";"Gallon.IPA";2;1,058;1,014;41;5,8;10
"1432";"Half.Mash.IPA";2;1,07;1,018;56;6,8;8
"1433";"PGB.IPA.2G";2;1,059;1,015;49;5,8;6
"1434";"Ghost.Fish.IPA";2;1,06;1,014;58;6;6
"1435";"Untitled.American.IPA.156300";2;1,073;1,017;60;7,2;10
"1436";"AHS.Winter.IPA";2;1,067;1,013;66;7;10
"1437";"Grandpops.Broken.Coaster.IPA";2;1,068;1,018;67;6,6;6
"1438";"Initial.IPA";2;1,057;1,011;59;6;8
"1439";"Lavender.IPA";2;1,064;1,017;57;6;6
"1440";"IIPA";2;1,063;1,017;68;6;8
"1441";"Red.IPA.1";2;1,068;1,017;67;6,7;15
"1442";"IL.2.CO";2;1,063;1,016;53;6,2;10
"1443";"Fantasy.IPA";2;1,067;1,014;51;6,9;8
"1444";"Green.Tea.IPA.Redux";2;1,068;1,017;41;6,7;7
"1445";"Whirlpool.Munich";2;1,06;1,013;62;6,1;10
"1446";"Red.Two.Hop.IPA";2;1,07;1,01;56;7,9;13
"1447";"Nemesis.IPA..2012.03.10.version.";2;1,066;1,018;43;6,3;9
"1448";"Peak.Banana";1;1,05;1,012;14;4,9;4
"1449";"Red.Ale.2";4;1,046;1,01;24;4,7;12
"1450";"Custom.IPA";2;1,066;1,017;64;6,4;9
"1451";"Bachelor.Party.IPA";2;1,057;1,014;57;5,6;9
"1452";"AHS.Anniversary.IPA";2;1,068;1,016;59;6,8;10
"1453";"Daruis.with.Saaz.and.Perle";2;1,06;1,014;53;5,9;7
"1454";"X2015.Red.IPA";2;1,065;1,017;53;6,3;15
"1455";"Irish.Red.I";4;1,046;1,012;22;4,4;16
"1456";"Summer.Rain.IPA";2;1,057;1,017;59;5,2;6
"1457";"Equilibrium.Ale.v1.1";2;1,06;1,012;42;6,3;9
"1458";"Sam.Adams.Latitude.48.IPA.Clone";2;1,071;1,018;48;7;9
"1459";"Dedicationman.IPA";2;1,072;1,017;61;7,1;8
"1460";"New.Edition.IPA.v2";2;1,056;1,013;57;5,6;6
"1461";"Darwin.s.Weizen";1;1,05;1,013;10;4,8;3
"1462";"X.089..Half.Santa.Left.This.For.Me";2;1,061;1,012;68;6,4;6
"1463";"Hops.Upside.Your.Head.BPA";2;1,058;1,015;61;5,6;13
"1464";"Falconer.s.IPA";2;1,07;1,015;64;7,2;9
"1465";"AHS.karankawa.pale.ale";2;1,057;1,014;56;5,6;8
"1466";"White.Wizard";1;1,047;1,012;10;4,6;3
"1467";"Rico.s.METHod.IPA";2;1,065;1,016;63;6,3;7
"1468";"Jamil.s.Evil.Twin.2";2;1,062;1,016;42;6;14
"1469";"AMERICAN.DORIPA";2;1,073;1,017;57;7,3;9
"1470";"Blood.Orange.Hefeweizen";1;1,046;1,012;13;4,5;3
"1471";"Unpaved.Road...Citra.IPA";2;1,064;1,015;60;6,4;6
"1472";"Leenhonitas.IPA..2010.04.25.version.";2;1,064;1,017;55;6,2;12
"1473";"Sharpe.Shooter.IPA";2;1,071;1,018;48;6,9;12
"1474";"Somewhat.Sahti";2;1,059;1,015;55;5,7;9
"1475";"Dampfbier.1";1;1,048;1,013;15;4,6;5
"1476";"X15.minute.American.IPA";2;1,057;1,015;55;5,5;14
"1477";"Fakedra...Phaedra.Belgian.Rye.IPA.Clone";2;1,07;1,017;67;7;6
"1478";"P.T.Red.Ale";4;1,056;1,014;21;5,5;16
"1479";"Holy.Cow..IPA";2;1,067;1,016;61;6,7;9
"1480";"Quick.Hefe..2011.07.24.version.";1;1,047;1,011;14;4,7;3
"1481";"Ram.s.Offspring";2;1,058;1,014;61;5,7;10
"1482";"Weiss.Guy";1;1,051;1,013;10;5;4
"1483";"Razzfeilds";1;1,046;1,012;12;4,5;3
"1484";"Dan.s.Kiwi.Xmas.IPA";2;1,062;1,016;67;6;9
"1485";"Mouthparty.IPA";2;1,067;1,017;66;6,6;8
"1486";"Simcoe.Smash..sorta.";2;1,057;1,013;70;5,7;6
"1487";"Hopworks.IPA.Clone";2;1,056;1,015;63;5,4;6
"1488";"Belgian.Ryiot";2;1,071;1,016;62;7,2;10
"1489";"ekstrakt";2;1,063;1,017;68;6;8
"1490";"Ranjer.IPA.12.24.13";2;1,06;1,015;65;5,9;10
"1491";"Downtown.IPA";2;1,06;1,015;55;5,9;11
"1492";"Quench";1;1,052;1,012;11;5,2;4
"1493";"Hoppy.New.Beer";2;1,058;1,014;62;5,7;9
"1494";"Freckled.Ginger.Ale";4;1,057;1,013;23;5,7;14
"1495";"Pod.City.IPA";2;1,058;1,015;61;5,7;15
"1496";"South.Side.Pale.Ale.v2.0";2;1,056;1,012;52;5,9;6
"1497";"First.American.IPA";2;1,068;1,018;51;6,6;8
"1498";"Galactic.Explorer";2;1,062;1,016;63;6;11
"1499";"Magnum.IPA";2;1,061;1,016;59;5,9;6
"1500";"Sorachi.Ace.Session";2;1,06;1,012;64;6,3;9
"1501";"Irish.Red.Nose..In.Leftovers..Ale";4;1,052;1,014;21;5;12
"1502";"Delirium.s.IPA";2;1,066;1,017;40;6,4;10
"1503";"HBT.Irish.Red";4;1,052;1,013;22;5,1;17
"1504";"Simcoe.IPA.4";2;1,064;1,016;53;6,3;8
"1505";"Random.IPA";2;1,066;1,016;62;6,5;8
"1506";"Fresh.Hop.IPA.1";2;1,068;1,017;47;6,7;7
"1507";"Doctor.s.wit";1;1,051;1,012;14;5,1;3
"1508";"Babo.s.IPA.2";2;1,061;1,011;58;6,6;6
"1509";"Hefe.4";1;1,051;1,012;12;5,1;2
"1510";"Ranger.Richard";2;1,058;1,014;68;5,7;6
"1511";"IPA.11";2;1,063;1,016;50;6,2;11
"1512";"Mattingly.Wedding.Beer";2;1,073;1,017;55;7,2;6
"1513";"Brooklyn.Inaugural.IPA";2;1,07;1,017;60;6,9;12
"1514";"Celebration";2;1,067;1,017;66;6,6;12
"1515";"Memorial.Day.IPA";2;1,063;1,016;49;6,2;6
"1516";"Everyday.IPA";2;1,064;1,017;50;6,2;11
"1517";"RoboCitra.IPA";2;1,067;1,013;65;7,1;6
"1518";"citra";2;1,066;1,015;46;6,7;8
"1519";"GSB..NZ.Pale.Ale";2;1,066;1,016;56;6,7;12
"1520";"Patrick.s.Red.Arse";4;1,054;1,013;18;5,3;16
"1521";"TPBC.Summit.SH.IPA";2;1,067;1,017;61;6,6;11
"1522";"Hophound.Hoptomic.IPA";2;1,071;1,018;64;6,9;15
"1523";"Krakens.Revenge.III";2;1,068;1,011;68;7,5;6
"1524";"American.Rye.PA..11gal.";2;1,066;1,017;53;6,4;13
"1525";"Irish.Red.Ale...American.Brewmaster";4;1,054;1,013;25;5,4;11
"1526";"Common.House.Spider.IPA";2;1,069;1,018;64;6,7;10
"1527";"√.sen";2;1,073;1,017;64;7,3;7
"1528";"HefeWeizen.v2";1;1,048;1,012;12;4,8;2
"1529";"American.IPA.Experiment.2";2;1,07;1,01;62;7,8;7
"1530";"MooBrew.Nugget.IPA";2;1,059;1,014;64;5,9;8
"1531";"Rainy.Night.IPA";2;1,057;1,014;65;5,6;9
"1532";"huff.eweizen";1;1,05;1,013;13;4,9;4
"1533";"Man.Juice";2;1,056;1,015;64;5,4;9
"1534";"MPG.IPA";2;1,057;1,014;67;5,6;10
"1535";"Dritzz";2;1,061;1,015;64;6;8
"1536";"ZDC";2;1,064;1,016;60;6,3;6
"1537";"Chinooked.on.Phonics";2;1,064;1,017;59;6,1;12
"1538";"not.sure.yet.IPA";2;1,069;1,017;64;6,8;6
"1539";"Natal.Plum.IPA";2;1,072;1,017;61;7,2;7
"1540";"Shaun.s.So.Good.Hefe";1;1,05;1,013;14;4,8;3
"1541";"Irish.Draught.2016";4;1,048;1,013;24;4,6;13
"1542";"Irish.Red.Ale.2";4;1,055;1,014;25;5,3;16
"1543";"True.Brew.IPA.and.then.some";2;1,068;1,017;47;6,7;12
"1544";"Grapefruit.Blast.IPA";2;1,063;1,017;54;6;7
"1545";"Small.Batch..3";2;1,069;1,017;60;6,9;13
"1546";"Zythos.IPA.1";2;1,06;1,016;64;5,7;10
"1547";"German.Hef";1;1,05;1,012;10;4,9;3
"1548";"All.American.Rye.Pale.Ale...Batch.2";2;1,069;1,012;55;7,5;10
"1549";"Skulls.N.Pin.s.IPA";2;1,07;1,01;65;7,8;7
"1550";"irish.red";4;1,05;1,012;28;5,1;14
"1551";"Two.Hearted.Clone";2;1,071;1,018;45;7;7
"1552";"IPA.12";2;1,062;1,015;68;6,2;9
"1553";"Honey.Hefeweizen";1;1,049;1,011;13;4,9;3
"1554";"hop.hefener";2;1,062;1,016;62;6;11
"1555";"Oxente..2";2;1,069;1,017;45;6,8;11
"1556";"Chicken.Wing.IPA";2;1,068;1,015;60;6,9;9
"1557";"Hefe.2016";1;1,046;1,012;10;4,6;7
"1558";"Wloscianskie";1;1,048;1,01;10;5;3
"1559";"Irish.Red.January.2014";4;1,048;1,014;19;4,5;14
"1560";"IPA.Project...Mt..Hood";2;1,061;1,016;53;5,9;9
"1561";"BRB.Hefe";1;1,046;1,012;9;4,5;3
"1562";"X28.AIPA";2;1,063;1,016;59;6,2;6
"1563";"Hoppyum.IPA.Clone...All.Grain";2;1,067;1,016;67;6,7;8
"1564";"Pinto.Pale.Ale.v.4";2;1,062;1,016;65;6;9
"1565";"Snuggles.Hefe";1;1,048;1,011;11;4,8;5
"1566";"Bavarian.Hefeweizen";1;1,051;1,013;11;4,9;3
"1567";"Cathrouse";4;1,055;1,014;26;5,4;16
"1568";"Bowersox.Wheat";1;1,051;1,013;10;5;4
"1569";"One.Legged.Man";2;1,064;1,017;53;6,2;11
"1570";"Belgian.Pale.Ale";2;1,057;1,015;64;5,5;9
"1571";"Celebration.IPA..SN.Clone.";2;1,074;1,017;65;7,4;13
"1572";"Rabbit.Run..Rusty.Pipes.3.";2;1,064;1,016;66;6,3;10
"1573";"Purdy.s.IPA";2;1,059;1,016;64;5,6;10
"1574";"Dad.s.Irish.Red";4;1,053;1,013;27;5,2;10
"1575";"G.off.IPA";2;1,058;1,013;57;5,9;8
"1576";"Can.You.Call.Me.Irish.";4;1,056;1,013;27;5,7;12
"1577";"Bunking.off";2;1,059;1,017;51;5,5;7
"1578";"American.IPA.5";2;1,065;1,016;52;6,3;8
"1579";"ipa.experiment.11.28.2014";2;1,066;1,016;63;6,6;7
"1580";"IPA.Project...Bravo";2;1,061;1,016;69;5,9;9
"1581";"Rambler.IPA.Clone";2;1,067;1,013;64;7;15
"1582";"CIPA.dry.hop.II";2;1,064;1,015;60;6,4;14
"1583";"Red.RyePA";2;1,058;1,014;64;5,7;12
"1584";"Hoppily.Ever.After.2";2;1,069;1,017;69;6,8;8
"1585";"Centennial.IPA..Bells.Two.Hearted.Approximation.";2;1,064;1,015;64;6,4;7
"1586";"Three.Hearted.Ale";2;1,072;1,018;58;7,1;9
"1587";"Vienna.Hop.Capital";2;1,058;1,014;62;5,7;8
"1588";"Sweet.Honey.Wheat";1;1,044;1,012;13;4,2;5
"1589";"Two.hearted.Ale.Clone.1";2;1,062;1,015;63;6,2;10
"1590";"Amarillo.Session.IPA";2;1,058;1,014;42;5,7;6
"1591";"TNTs.Teach.a.Friend.to.Brew.Brew";2;1,067;1,017;53;6,6;6
"1592";"Mosaic.IPA.2";2;1,069;1,017;63;6,8;6
"1593";"Tapazilla";2;1,061;1,015;51;5,9;12
"1594";"High.Time.Hefe";1;1,048;1,012;13;4,7;3
"1595";"Lovebite.Weizenbier";1;1,048;1,012;14;4,7;4
"1596";"Paw.Paw.s.Pils";3;1,049;1,013;39;4,7;2
"1597";"Citrus.Stream.IPA";2;1,061;1,012;54;6,4;6
"1598";"Grapefruit.honey.ale";2;1,057;1,013;69;5,8;12
"1599";"Goat.Humper";2;1,068;1,017;69;6,7;7
"1600";"Tavern.Wench.Belgian.RyePA";2;1,066;1,012;56;7,1;9
"1601";"RY.P.A.";2;1,07;1,017;59;7;10
"1602";"Pilsner.2";3;1,049;1,013;43;4,8;2
"1603";"Untitled.German.Pilsner..Pils..157065";3;1,047;1,011;41;4,8;4
"1604";"Summer.Fruit.Barrel.Pale.Ale";2;1,065;1,015;55;6,5;8
"1605";"Adlholz.Amber.Ale";2;1,067;1,017;45;6,6;14
"1606";"TPBC.Red.Ale";2;1,064;1,017;47;6,1;13
"1607";"X.076..Das.Frische.Bier.Select";3;1,05;1,01;35;5,2;3
"1608";"how.to.clean.out.the.hop.fridge";2;1,062;1,015;66;6,2;11
"1609";"J.s.IPA";2;1,059;1,016;64;5,6;12
"1610";"Sinistral.Warrior.IPA";2;1,073;1,016;67;7,5;11
"1611";"Dark.Horse.IPA";2;1,059;1,016;60;5,7;12
"1612";"Quotidian.IPA..3";2;1,065;1,016;49;6,4;14
"1613";"Pride.of.Ringwood.IPA";2;1,069;1,017;48;6,7;10
"1614";"In.Like.a.Lion.IPA";2;1,072;1,015;61;7,5;7
"1615";"South.Pacific.Pale";2;1,062;1,016;45;6;8
"1616";"X100.Stacks.IPA";2;1,067;1,017;50;6,6;7
"1617";"Blackberry.Wheat.Beer";1;1,05;1,013;14;4,8;4
"1618";"X.060..Winter.Weizen";1;1,051;1,013;13;4,9;3
"1619";"Mosaic.IPA.3";2;1,068;1,017;59;6,7;8
"1620";"AprIPA.AG.Take.2";2;1,057;1,015;66;5,5;6
"1621";"IPA.feb2012";2;1,056;1,014;64;5,5;7
"1622";"Divine.Ellie";2;1,073;1,017;43;7,3;7
"1623";"Zombie.Plan";2;1,062;1,014;50;6,3;8
"1624";"Boss.Washington";1;1,05;1,013;10;5;3
"1625";"Cweet...Cimple.IPA";2;1,071;1,016;64;7,2;13
"1626";"CatastroIPA";2;1,066;1,017;57;6,5;12
"1627";"Torpedo.IPA.Clone";2;1,068;1,016;54;6,8;8
"1628";"X55.Red.IPA";2;1,061;1,015;55;6,1;14
"1629";"American.IPA.01";2;1,068;1,016;56;6,8;7
"1630";"Grapefruit.Hefe";1;1,046;1,014;14;4,2;3
"1631";"Bombay.IPA";2;1,062;1,016;53;6,1;7
"1632";"Duke.Henry.Irish.Red";4;1,05;1,014;25;4,7;11
"1633";"Rosemary.IPA..Pilsener.Malt";2;1,071;1,018;46;7;6
"1634";"Walker.Sweat";2;1,071;1,014;44;7,4;7
"1635";"Harvest.Ale";2;1,065;1,016;49;6,4;7
"1636";"IPA.test..Mt.Hood";2;1,064;1,014;42;6,6;9
"1637";"bookmaker";2;1,063;1,013;43;6,6;8
"1638";"RIPA";2;1,063;1,015;68;6,4;9
"1639";"X1335.IPA";2;1,061;1,015;63;6;6
"1640";"AHS.Budget.IPA...Mini.Mash";2;1,059;1,015;61;5,8;8
"1641";"Ich.bin.Amerikan.IPA";2;1,057;1,014;61;5,6;8
"1642";"basic.hef";1;1,045;1,011;11;4,5;3
"1643";"Dizzy.Desert";2;1,075;1,018;64;7,5;10
"1644";"Dan.Dyer.s.Sloppy.Doppelganger";2;1,062;1,015;65;6,2;7
"1645";"Flying.V";2;1,062;1,011;62;6,7;8
"1646";"Bday.Bonfire.Beer";2;1,057;1,015;61;5,5;10
"1647";"Erin.go.braugh";4;1,053;1,012;23;5,4;14
"1648";"Oaked.IPA.II";2;1,058;1,012;69;6;11
"1649";"Mosaic.American.IPA";2;1,066;1,016;62;6,7;12
"1650";"Horizon.IPA.2";2;1,062;1,017;66;5,9;7
